num_poste,nom_usuel,lat,lon,alti,aaaammjj,dhumec,qdhumec,pmerm,qpmerm,pmermin,qpmermin,inst,qinst,glot,qglot,dift,qdift,dirt,qdirt,infrart,qinfrart,uv,quv,uv_indicex,quv_indicex,sigma,qsigma,un,qun,hun,qhun,ux,qux,hux,qhux,um,qum,dhumi40,qdhumi40,dhumi80,qdhumi80,tsvm,qtsvm,etpmon,qetpmon,etpgrille,qetpgrille,ecoulementm,qecoulementm,hneigef,qhneigef,neigetotx,qneigetotx,neigetot06,qneigetot06,neig,qneig,brou,qbrou,orag,qorag,gresil,qgresil,grele,qgrele,rosee,qrosee,verglas,qverglas,solneige,qsolneige,gelee,qgelee,fumee,qfumee,brume,qbrume,eclair,qeclair,nb300,qnb300,ba300,qba300,tmermin,qtmermin,tmermax,qtmermax
97101015,"LE RAIZET AERO",16.264,-61.516333,11,20250105,,,1015.6,1,1014.1,1,266,9,1403,9,,,,,,,,,,,40,9,61,1,1118,9,97,1,47,9,83,1,0,9,925,9,26.2,9,3.5,9,,,,,,,,,,,0,9,0,9,0,9,,,,,,,,,,,0,9,0,9,0,9,,,,,,,,,,
97101015,"LE RAIZET AERO",16.264,-61.516333,11,20250106,,,1015.6,1,1013.8,1,446,9,1665,9,,,,,,,,,,,67,9,48,1,1113,9,98,1,647,9,78,1,0,9,703,9,24.1,9,3.7,9,,,,,,,,,,,0,9,0,9,0,9,,,,,,,,,,,0,9,0,9,0,9,,,,,,,,,,
97101015,"LE RAIZET AERO",16.264,-61.516333,11,20250111,,,1014.5,1,1012.9,1,274,9,1336,9,,,,,,,,,,,41,9,56,1,1222,9,94,1,2327,9,77,1,0,9,754,9,24.3,9,3.6,9,,,,,,,,,,,0,9,0,9,0,9,,,,,,,,,,,0,9,0,9,0,9,,,,,,,,,,
97119008,"PETIT-CANAL GODET-INRAE",16.405,-61.481667,35,20250110,,,,,,,,,1792,9,,,,,,,,,,,,,48,1,1142,9,99,1,748,9,83,1,0,9,960,9,24.9,9,3.2,9,,,,,,,,,,,,,,,,,,,,,,,,,,,,,,,,,,,,,,,,,,
97101015,"LE RAIZET AERO",16.264,-61.516333,11,20250107,,,1015,1,1013.2,1,392,9,1565,9,,,,,,,,,,,59,9,62,1,1611,9,97,1,317,9,81,1,0,9,804,9,26,9,3.5,9,,,,,,,,,,,0,9,0,9,0,9,,,,,,,,,,,0,9,0,9,0,9,,,,,,,,,,
97119008,"PETIT-CANAL GODET-INRAE",16.405,-61.481667,35,20250109,,,,,,,,,1570,9,,,,,,,,,,,,,57,1,1248,9,98,1,730,9,82,1,0,9,864,9,24.1,9,2.9,9,,,,,,,,,,,,,,,,,,,,,,,,,,,,,,,,,,,,,,,,,,
97101015,"LE RAIZET AERO",16.264,-61.516333,11,20250108,,,1014.5,1,1012.8,1,432,9,1660,9,,,,,,,,,,,65,9,62,1,1236,9,96,1,307,9,81,1,0,9,796,9,25.6,9,3.6,9,,,,,,,,,,,0,9,0,9,0,9,,,,,,,,,,,0,9,0,9,0,9,,,,,,,,,,
97119008,"PETIT-CANAL GODET-INRAE",16.405,-61.481667,35,20250104,,,,,,,,,862,9,,,,,,,,,,,,,75,1,1006,9,97,1,2330,9,94,1,0,9,1374,9,27,1,1.4,9,,,,,,,,,,,,,,,,,,,,,,,,,,,,,,,,,,,,,,,,,,
97119008,"PETIT-CANAL GODET-INRAE",16.405,-61.481667,35,20250101,,,,,,,,,1970,9,,,,,,,,,,,,,55,1,1406,9,96,1,606,9,80,1,0,9,864,9,23.9,1,3.7,9,,,,,,,,,,,,,,,,,,,,,,,,,,,,,,,,,,,,,,,,,,
97101015,"LE RAIZET AERO",16.264,-61.516333,11,20250109,,,1013,1,1011.5,1,560,9,1943,9,,,,,,,,,,,84,9,52,1,1139,9,97,1,548,9,79,1,0,9,763,9,23.5,9,3.7,9,,,,,,,,,,,0,9,0,9,0,9,,,,,,,,,,,0,9,0,9,1,9,,,,,,,,,,
97119008,"PETIT-CANAL GODET-INRAE",16.405,-61.481667,35,20250103,,,,,,,,,1928,9,,,,,,,,,,,,,48,1,1200,9,94,1,2354,9,77,1,0,9,792,9,23.6,1,4.3,9,,,,,,,,,,,,,,,,,,,,,,,,,,,,,,,,,,,,,,,,,,
97119008,"PETIT-CANAL GODET-INRAE",16.405,-61.481667,35,20250105,,,,,,,,,1736,9,,,,,,,,,,,,,63,1,1424,9,98,1,742,9,86,1,0,9,1002,9,26.8,1,3.2,9,,,,,,,,,,,,,,,,,,,,,,,,,,,,,,,,,,,,,,,,,,
97101015,"LE RAIZET AERO",16.264,-61.516333,11,20250110,,,1013.3,1,1012.1,1,434,9,1516,9,,,,,,,,,,,65,9,52,1,1142,9,98,1,413,9,81,1,0,9,882,9,24.1,9,3.1,9,,,,,,,,,,,0,9,0,9,0,9,,,,,,,,,,,0,9,0,9,0,9,,,,,,,,,,
97119008,"PETIT-CANAL GODET-INRAE",16.405,-61.481667,35,20250102,,,,,,,,,1780,9,,,,,,,,,,,,,56,1,1630,9,88,1,48,9,73,1,0,9,348,9,23.4,1,4.1,9,,,,,,,,,,,,,,,,,,,,,,,,,,,,,,,,,,,,,,,,,,
97101015,"LE RAIZET AERO",16.264,-61.516333,11,20250112,,,1015.6,1,1014,1,368,9,1552,9,,,,,,,,,,,55,9,58,1,1345,9,98,1,615,9,83,1,0,9,845,9,24.6,9,3.2,9,,,,,,,,,,,0,9,0,9,0,9,,,,,,,,,,,0,9,0,9,0,9,,,,,,,,,,
97101015,"LE RAIZET AERO",16.264,-61.516333,11,20250113,,,1015.7,1,1013.8,1,465,9,1836,9,,,,,,,,,,,70,9,59,1,1319,9,97,1,350,9,81,1,0,9,777,9,24.6,9,3.9,9,,,,,,,,,,,0,9,0,9,0,9,,,,,,,,,,,0,9,0,9,0,9,,,,,,,,,,
97101015,"LE RAIZET AERO",16.264,-61.516333,11,20250114,,,1015.7,1,1014.2,1,199,9,1092,9,,,,,,,,,,,30,9,66,1,1535,9,96,1,2241,9,86,1,0,9,1043,9,25.3,9,2.5,9,,,,,,,,,,,0,9,0,9,0,9,,,,,,,,,,,0,9,0,9,0,9,,,,,,,,,,
97101015,"LE RAIZET AERO",16.264,-61.516333,11,20250115,,,1015.1,1,1013.5,1,238,9,1247,9,,,,,,,,,,,36,9,64,1,1353,9,98,1,337,9,84,1,0,9,909,9,24.8,9,2.6,9,,,,,,,,,,,0,9,0,9,0,9,,,,,,,,,,,0,9,0,9,0,9,,,,,,,,,,
97101015,"LE RAIZET AERO",16.264,-61.516333,11,20250116,,,1015.9,1,1014.2,1,467,9,1773,9,,,,,,,,,,,70,9,55,1,1207,9,98,1,712,9,82,1,0,9,825,9,24.6,9,3.5,9,,,,,,,,,,,0,9,0,9,0,9,,,,,,,,,,,0,9,0,9,0,9,,,,,,,,,,
97101015,"LE RAIZET AERO",16.264,-61.516333,11,20250117,,,1017.3,1,1015.3,1,495,9,1690,9,,,,,,,,,,,74,9,58,1,1008,9,98,1,128,9,80,1,0,9,637,9,25.2,9,3.6,9,,,,,,,,,,,0,9,0,9,0,9,,,,,,,,,,,0,9,0,9,0,9,,,,,,,,,,
97101015,"LE RAIZET AERO",16.264,-61.516333,11,20250118,,,1018.2,1,1016.7,1,374,9,1440,9,,,,,,,,,,,56,9,68,1,1516,9,95,1,308,9,82,1,0,9,860,9,26.7,9,3.6,9,,,,,,,,,,,0,9,0,9,0,9,,,,,,,,,,,0,9,0,9,0,9,,,,,,,,,,
97119008,"PETIT-CANAL GODET-INRAE",16.405,-61.481667,35,20250107,,,,,,,,,1134,9,,,,,,,,,,,,,67,1,1612,9,95,1,324,9,84,1,0,9,900,9,25.9,9,2.5,9,,,,,,,,,,,,,,,,,,,,,,,,,,,,,,,,,,,,,,,,,,
97119008,"PETIT-CANAL GODET-INRAE",16.405,-61.481667,35,20250114,,,,,,,,,1290,9,,,,,,,,,,,,,61,1,1436,9,94,1,2312,9,82,1,0,9,900,9,24.8,1,2.7,9,,,,,,,,,,,,,,,,,,,,,,,,,,,,,,,,,,,,,,,,,,
97119008,"PETIT-CANAL GODET-INRAE",16.405,-61.481667,35,20250106,,,,,,,,,1906,9,,,,,,,,,,,,,55,1,1118,9,94,1,2330,9,76,1,0,9,744,9,24.3,1,4.3,9,,,,,,,,,,,,,,,,,,,,,,,,,,,,,,,,,,,,,,,,,,
97119008,"PETIT-CANAL GODET-INRAE",16.405,-61.481667,35,20250119,,,,,,,,,2007,9,,,,,,,,,,,,,54,1,1136,9,78,1,212,9,70,1,0,9,0,9,24.5,9,5.5,9,,,,,,,,,,,,,,,,,,,,,,,,,,,,,,,,,,,,,,,,,,
97119008,"PETIT-CANAL GODET-INRAE",16.405,-61.481667,35,20250111,,,,,,,,,1592,9,,,,,,,,,,,,,57,1,1242,9,95,1,2354,9,78,1,0,9,828,9,24,1,3.3,9,,,,,,,,,,,,,,,,,,,,,,,,,,,,,,,,,,,,,,,,,,
97119008,"PETIT-CANAL GODET-INRAE",16.405,-61.481667,35,20250108,,,,,,,,,1980,9,,,,,,,,,,,,,57,1,1454,9,98,1,730,9,83,1,0,9,900,9,25.4,1,3.8,9,,,,,,,,,,,,,,,,,,,,,,,,,,,,,,,,,,,,,,,,,,
97119008,"PETIT-CANAL GODET-INRAE",16.405,-61.481667,35,20250112,,,,,,,,,1888,9,,,,,,,,,,,,,63,1,1400,9,98,1,742,9,84,1,0,9,912,9,24.8,1,3.3,9,,,,,,,,,,,,,,,,,,,,,,,,,,,,,,,,,,,,,,,,,,
97119008,"PETIT-CANAL GODET-INRAE",16.405,-61.481667,35,20250113,,,,,,,,,1818,9,,,,,,,,,,,,,61,1,1312,9,96,1,418,9,82,1,0,9,864,9,25.3,1,3.5,9,,,,,,,,,,,,,,,,,,,,,,,,,,,,,,,,,,,,,,,,,,
97101015,"LE RAIZET AERO",16.264,-61.516333,11,20250119,,,1018.2,1,1016.8,1,539,9,1828,9,,,,,,,,,,,80,9,54,1,1143,9,83,1,224,9,73,1,0,9,356,9,24.6,9,5,9,,,,,,,,,,,0,9,0,9,0,9,,,,,,,,,,,0,9,0,9,0,9,,,,,,,,,,
97101015,"LE RAIZET AERO",16.264,-61.516333,11,20250120,,,1018.4,1,1016.6,1,471,9,1815,9,,,,,,,,,,,70,9,55,1,1038,9,91,1,2312,9,73,1,0,9,242,9,24.8,9,5.5,9,,,,,,,,,,,0,9,0,9,0,9,,,,,,,,,,,0,9,0,9,0,9,,,,,,,,,,
97119008,"PETIT-CANAL GODET-INRAE",16.405,-61.481667,35,20250115,,,,,,,,,1796,9,,,,,,,,,,,,,63,1,1454,9,97,1,824,9,84,1,0,9,924,9,25.1,1,3.3,9,,,,,,,,,,,,,,,,,,,,,,,,,,,,,,,,,,,,,,,,,,
97101015,"LE RAIZET AERO",16.264,-61.516333,11,20250124,,,1016.3,1,1014.2,1,408,9,1680,9,,,,,,,,,,,61,9,56,1,1102,9,97,1,127,9,79,1,0,9,598,9,25.3,9,3.9,9,,,,,,,,,,,0,9,0,9,0,9,,,,,,,,,,,0,9,0,9,0,9,,,,,,,,,,
97101015,"LE RAIZET AERO",16.264,-61.516333,11,20250121,,,1018.3,1,1016.8,1,390,9,1543,9,,,,,,,,,,,58,9,60,1,1114,9,86,1,3,9,74,1,0,9,201,9,25.1,9,4.7,9,,,,,,,,,,,0,9,0,9,0,9,,,,,,,,,,,0,9,0,9,0,9,,,,,,,,,,
97119008,"PETIT-CANAL GODET-INRAE",16.405,-61.481667,35,20250116,,,,,,,,,1840,9,,,,,,,,,,,,,61,1,1400,9,98,1,754,9,83,1,0,9,918,9,25,1,3.4,9,,,,,,,,,,,,,,,,,,,,,,,,,,,,,,,,,,,,,,,,,,
97101015,"LE RAIZET AERO",16.264,-61.516333,11,20250122,,,1018,1,1016.4,1,368,9,1660,9,,,,,,,,,,,55,9,67,1,1204,9,96,1,2113,9,86,1,0,9,1190,9,27.3,9,4,9,,,,,,,,,,,0,9,0,9,0,9,,,,,,,,,,,0,9,0,9,0,9,,,,,,,,,,
97101015,"LE RAIZET AERO",16.264,-61.516333,11,20250123,,,1017.5,1,1015.8,1,346,9,1537,9,,,,,,,,,,,51,9,69,1,1433,9,99,1,740,9,86,1,0,9,1163,9,27.3,9,3.4,9,,,,,,,,,,,0,9,0,9,0,9,,,,,,,,,,,0,9,0,9,0,9,,,,,,,,,,
97101015,"LE RAIZET AERO",16.264,-61.516333,11,20250125,,,1017.3,1,1015.6,1,462,9,1873,9,,,,,,,,,,,69,9,59,1,1353,9,94,1,441,9,77,1,0,9,513,9,25.9,9,4.6,9,,,,,,,,,,,0,9,0,9,0,9,,,,,,,,,,,0,9,0,9,0,9,,,,,,,,,,
97119008,"PETIT-CANAL GODET-INRAE",16.405,-61.481667,35,20250118,,,,,,,,,1732,9,,,,,,,,,,,,,69,1,1206,9,93,1,754,9,78,1,0,9,708,9,26.4,1,4.4,9,,,,,,,,,,,,,,,,,,,,,,,,,,,,,,,,,,,,,,,,,,
97119008,"PETIT-CANAL GODET-INRAE",16.405,-61.481667,35,20250117,,,,,,,,,1938,9,,,,,,,,,,,,,62,1,1406,9,93,1,36,9,79,1,0,9,762,9,25.6,1,4.1,9,,,,,,,,,,,,,,,,,,,,,,,,,,,,,,,,,,,,,,,,,,
97119008,"PETIT-CANAL GODET-INRAE",16.405,-61.481667,35,20250126,,,,,,,,,1962,9,,,,,,,,,,,,,64,1,948,9,95,1,600,9,79,1,0,9,558,9,26.2,9,4.4,9,,,,,,,,,,,,,,,,,,,,,,,,,,,,,,,,,,,,,,,,,,
97101015,"LE RAIZET AERO",16.264,-61.516333,11,20250127,,,1016.3,1,1014.4,1,372,9,1700,9,,,,,,,,,,,55,9,54,1,1458,9,93,1,25,9,80,1,0,9,874,9,25.5,9,4.3,9,,,,,,,,,,,0,9,0,9,0,9,,,,,,,,,,,0,9,0,9,0,9,,,,,,,,,,
97101015,"LE RAIZET AERO",16.264,-61.516333,11,20250126,,,1017.5,1,1016,1,342,9,1567,9,,,,,,,,,,,51,9,60,1,1025,9,93,1,440,9,81,1,0,9,698,9,26,9,4,9,,,,,,,,,,,0,9,0,9,0,9,,,,,,,,,,,0,9,0,9,0,9,,,,,,,,,,
97101015,"LE RAIZET AERO",16.264,-61.516333,11,20250128,,,1015,1,1013.2,1,500,9,1948,9,,,,,,,,,,,74,9,63,1,1359,9,93,1,118,9,82,1,0,9,940,9,27.5,9,4.5,9,,,,,,,,,,,0,9,0,9,0,9,,,,,,,,,,,0,9,0,9,0,9,,,,,,,,,,
97101015,"LE RAIZET AERO",16.264,-61.516333,11,20250129,,,1016.3,1,1014.8,1,518,9,1933,9,,,,,,,,,,,77,9,57,1,1453,9,96,1,655,9,81,1,0,9,875,9,27.5,9,4.1,9,,,,,,,,,,,0,9,0,9,0,9,,,,,,,,,,,0,9,0,9,0,9,,,,,,,,,,
97119008,"PETIT-CANAL GODET-INRAE",16.405,-61.481667,35,20250123,,,,,,,,,1672,9,,,,,,,,,,,,,72,1,1500,9,94,1,18,9,84,1,0,9,1092,9,27.6,1,3.8,9,,,,,,,,,,,,,,,,,,,,,,,,,,,,,,,,,,,,,,,,,,
97119008,"PETIT-CANAL GODET-INRAE",16.405,-61.481667,35,20250122,,,,,,,,,1648,9,,,,,,,,,,,,,70,1,1054,9,95,1,1812,9,86,1,0,9,1290,9,27.5,1,3.6,9,,,,,,,,,,,,,,,,,,,,,,,,,,,,,,,,,,,,,,,,,,
97119008,"PETIT-CANAL GODET-INRAE",16.405,-61.481667,35,20250125,,,,,,,,,2080,9,,,,,,,,,,,,,67,1,1230,9,95,1,648,9,79,1,0,9,456,9,26.5,1,4.7,9,,,,,,,,,,,,,,,,,,,,,,,,,,,,,,,,,,,,,,,,,,
97119008,"PETIT-CANAL GODET-INRAE",16.405,-61.481667,35,20250124,,,,,,,,,1992,9,,,,,,,,,,,,,59,1,1030,9,93,1,712,9,76,1,0,9,426,9,25.2,1,4.5,9,,,,,,,,,,,,,,,,,,,,,,,,,,,,,,,,,,,,,,,,,,
97119008,"PETIT-CANAL GODET-INRAE",16.405,-61.481667,35,20250121,,,,,,,,,1858,9,,,,,,,,,,,,,63,1,1254,9,88,1,824,9,75,1,0,9,138,9,25.4,1,4.9,9,,,,,,,,,,,,,,,,,,,,,,,,,,,,,,,,,,,,,,,,,,
97119008,"PETIT-CANAL GODET-INRAE",16.405,-61.481667,35,20250120,,,,,,,,,1934,9,,,,,,,,,,,,,61,1,1218,9,93,1,2306,9,74,1,0,9,354,9,25,1,5,9,,,,,,,,,,,,,,,,,,,,,,,,,,,,,,,,,,,,,,,,,,
97101015,"LE RAIZET AERO",16.264,-61.516333,11,20250130,,,1017.3,1,1015.4,1,279,9,1387,9,,,,,,,,,,,41,9,63,1,1511,9,96,1,259,9,81,1,0,9,790,9,26.7,9,3.7,9,,,,,,,,,,,0,9,0,9,0,9,,,,,,,,,,,0,9,0,9,0,9,,,,,,,,,,
97101015,"LE RAIZET AERO",16.264,-61.516333,11,20250131,,,1017.4,1,1015.8,1,457,9,1799,9,,,,,,,,,,,67,9,58,1,1122,9,96,1,734,9,76,1,0,9,609,9,24.2,9,4.3,9,,,,,,,,,,,0,9,0,9,0,9,,,,,,,,,,,0,9,0,9,0,9,,,,,,,,,,
97101015,"LE RAIZET AERO",16.264,-61.516333,11,20250201,,,1016.5,1,1014.8,1,414,9,1682,9,,,,,,,,,,,61,9,52,1,1458,9,83,1,2121,9,72,1,0,9,263,9,23.8,9,5.3,9,,,,,,,,,,,0,9,0,9,0,9,,,,,,,,,,,0,9,0,9,0,9,,,,,,,,,,
97119008,"PETIT-CANAL GODET-INRAE",16.405,-61.481667,35,20250202,,,,,,,,,1916,9,,,,,,,,,,,,,61,1,1342,9,91,1,248,9,76,1,0,9,534,9,24.9,9,4.4,9,,,,,,,,,,,,,,,,,,,,,,,,,,,,,,,,,,,,,,,,,,
97101015,"LE RAIZET AERO",16.264,-61.516333,11,20250204,,,1014.8,1,1012.9,1,375,9,1617,9,,,,,,,,,,,55,9,50,1,1341,9,95,1,2331,9,77,1,0,9,779,9,24.2,9,4.6,9,,,,,,,,,,,0,9,0,9,0,9,,,,,,,,,,,0,9,0,9,0,9,,,,,,,,,,
97101015,"LE RAIZET AERO",16.264,-61.516333,11,20250203,,,1015,1,1013.7,1,376,9,1698,9,,,,,,,,,,,55,9,63,1,1401,9,94,1,431,9,79,1,0,9,767,9,25.5,9,4,9,,,,,,,,,,,0,9,0,9,0,9,,,,,,,,,,,0,9,0,9,0,9,,,,,,,,,,
97101015,"LE RAIZET AERO",16.264,-61.516333,11,20250202,,,1015.7,1,1014,1,376,9,1536,9,,,,,,,,,,,55,9,61,1,1417,9,96,1,644,9,81,1,0,9,872,9,25.2,9,3.7,9,,,,,,,,,,,0,9,0,9,0,9,,,,,,,,,,,0,9,0,9,0,9,,,,,,,,,,
97101015,"LE RAIZET AERO",16.264,-61.516333,11,20250205,,,1015,1,1013.5,1,269,9,1367,9,,,,,,,,,,,39,9,62,1,1028,9,98,1,116,9,85,1,0,9,1026,9,25.6,9,3.2,9,,,,,,,,,,,0,9,0,9,,,,,,,,,,,,,0,9,0,9,0,9,,,,,,,,,,
97119008,"PETIT-CANAL GODET-INRAE",16.405,-61.481667,35,20250130,,,,,,,,,1972,9,,,,,,,,,,,,,61,1,1354,9,95,1,554,9,80,1,0,9,834,9,26.9,1,4.6,9,,,,,,,,,,,,,,,,,,,,,,,,,,,,,,,,,,,,,,,,,,
97119008,"PETIT-CANAL GODET-INRAE",16.405,-61.481667,35,20250205,,,,,,,,,2024,9,,,,,,,,,,,,,64,1,1318,9,95,1,2118,9,82,1,0,9,786,9,25.1,1,4.2,9,,,,,,,,,,,,,,,,,,,,,,,,,,,,,,,,,,,,,,,,,,
97101015,"LE RAIZET AERO",16.264,-61.516333,11,20250206,,,1015.7,1,1014.5,1,491,9,1963,9,,,,,,,,,,,72,9,56,1,1338,9,96,1,523,9,75,1,0,9,480,9,24.1,9,4.8,9,,,,,,,,,,,0,9,0,9,0,9,,,,,,,,,,,0,9,0,9,0,9,,,,,,,,,,
97119008,"PETIT-CANAL GODET-INRAE",16.405,-61.481667,35,20250127,,,,,,,,,2058,9,,,,,,,,,,,,,63,1,1354,9,94,1,2154,9,78,1,0,9,570,9,25.7,1,4.7,9,,,,,,,,,,,,,,,,,,,,,,,,,,,,,,,,,,,,,,,,,,
97119008,"PETIT-CANAL GODET-INRAE",16.405,-61.481667,35,20250201,,,,,,,,,1896,9,,,,,,,,,,,,,58,1,1506,9,88,1,2042,9,75,1,0,9,450,9,24.4,1,4.6,9,,,,,,,,,,,,,,,,,,,,,,,,,,,,,,,,,,,,,,,,,,
97119008,"PETIT-CANAL GODET-INRAE",16.405,-61.481667,35,20250129,,,,,,,,,2162,9,,,,,,,,,,,,,62,1,1236,9,94,1,524,9,83,1,0,9,924,9,28.1,1,4.3,9,,,,,,,,,,,,,,,,,,,,,,,,,,,,,,,,,,,,,,,,,,
97119008,"PETIT-CANAL GODET-INRAE",16.405,-61.481667,35,20250131,,,,,,,,,1836,9,,,,,,,,,,,,,59,1,1154,9,91,1,2124,9,72,1,0,9,210,9,23.7,1,4.9,9,,,,,,,,,,,,,,,,,,,,,,,,,,,,,,,,,,,,,,,,,,
97119008,"PETIT-CANAL GODET-INRAE",16.405,-61.481667,35,20250128,,,,,,,,,2034,9,,,,,,,,,,,,,66,1,1230,9,95,1,430,9,83,1,0,9,882,9,27.5,1,4.2,9,,,,,,,,,,,,,,,,,,,,,,,,,,,,,,,,,,,,,,,,,,
97101015,"LE RAIZET AERO",16.264,-61.516333,11,20250208,,,1015.4,1,1013.4,1,375,9,1656,9,,,,,,,,,,,55,9,60,1,1349,9,98,1,625,9,80,1,0,9,728,9,25.1,9,3.8,9,,,,,,,,,,,0,9,0,9,0,9,,,,,,,,,,,0,9,0,9,0,9,,,,,,,,,,
97101015,"LE RAIZET AERO",16.264,-61.516333,11,20250207,,,1015.2,1,1013.6,1,306,9,1632,9,,,,,,,,,,,45,9,59,1,1208,9,94,1,723,9,80,1,0,9,846,9,25.2,9,4.2,9,,,,,,,,,,,0,9,0,9,0,9,,,,,,,,,,,0,9,0,9,0,9,,,,,,,,,,
97101015,"LE RAIZET AERO",16.264,-61.516333,11,20250209,,,1016.2,1,1014.4,1,368,9,1725,9,,,,,,,,,,,54,9,58,1,1302,9,98,1,609,9,77,1,0,9,585,9,24.5,9,4.2,9,,,,,,,,,,,0,9,0,9,,,,,,,,,,,,,0,9,0,9,0,9,,,,,,,,,,
97119008,"PETIT-CANAL GODET-INRAE",16.405,-61.481667,35,20250209,,,,,,,,,2133,9,,,,,,,,,,,,,56,1,1242,9,90,1,424,9,75,1,0,9,558,9,25,9,5.1,9,,,,,,,,,,,,,,,,,,,,,,,,,,,,,,,,,,,,,,,,,,
97101015,"LE RAIZET AERO",16.264,-61.516333,11,20250210,,,1017,1,1015.3,1,450,9,1762,9,,,,,,,,,,,66,9,56,1,1045,9,92,1,123,9,75,1,0,9,557,9,23.6,9,4.9,9,,,,,,,,,,,0,9,0,9,0,9,,,,,,,,,,,0,9,0,9,0,9,,,,,,,,,,
97101015,"LE RAIZET AERO",16.264,-61.516333,11,20250211,,,1016.1,1,1014.4,1,459,9,1840,9,,,,,,,,,,,67,9,52,1,1352,9,93,1,53,9,73,1,0,9,550,9,22.4,9,4.6,9,,,,,,,,,,,0,9,0,9,,,,,,,,,,,,,0,9,0,9,0,9,,,,,,,,,,
97101015,"LE RAIZET AERO",16.264,-61.516333,11,20250212,,,1016.9,1,1014.9,1,406,9,1697,9,,,,,,,,,,,59,9,53,1,1039,9,93,1,500,9,77,1,0,9,648,9,24.5,9,4.8,9,,,,,,,,,,,0,9,0,9,,,,,,,,,,,,,0,9,0,9,0,9,,,,,,,,,,
97119008,"PETIT-CANAL GODET-INRAE",16.405,-61.481667,35,20250207,,,,,,,,,1872,9,,,,,,,,,,,,,64,1,1418,9,92,1,824,9,80,1,0,9,792,9,25.2,1,4.3,9,,,,,,,,,,,,,,,,,,,,,,,,,,,,,,,,,,,,,,,,,,
97119008,"PETIT-CANAL GODET-INRAE",16.405,-61.481667,35,20250204,,,,,,,,,2208,9,,,,,,,,,,,,,54,1,1342,9,94,1,600,9,77,1,0,9,732,9,24.3,1,4.8,9,,,,,,,,,,,,,,,,,,,,,,,,,,,,,,,,,,,,,,,,,,
97119008,"PETIT-CANAL GODET-INRAE",16.405,-61.481667,35,20250208,,,,,,,,,1990,9,,,,,,,,,,,,,61,1,1330,9,94,1,430,9,79,1,0,9,738,9,25.5,1,4.2,9,,,,,,,,,,,,,,,,,,,,,,,,,,,,,,,,,,,,,,,,,,
97119008,"PETIT-CANAL GODET-INRAE",16.405,-61.481667,35,20250203,,,,,,,,,1698,9,,,,,,,,,,,,,65,1,1330,9,89,1,2354,9,77,1,0,9,462,9,25.5,1,4.3,9,,,,,,,,,,,,,,,,,,,,,,,,,,,,,,,,,,,,,,,,,,
97101015,"LE RAIZET AERO",16.264,-61.516333,11,20250213,,,1018.6,1,1016.8,1,471,9,2051,9,,,,,,,,,,,68,9,42,1,1139,9,94,1,2320,9,72,1,0,9,637,9,23,9,6.1,9,,,,,,,,,,,0,9,0,9,0,9,,,,,,,,,,,0,9,0,9,0,9,,,,,,,,,,
97119008,"PETIT-CANAL GODET-INRAE",16.405,-61.481667,35,20250206,,,,,,,,,1946,9,,,,,,,,,,,,,59,1,1624,9,93,1,248,9,76,1,0,9,420,9,24.4,1,4.5,9,,,,,,,,,,,,,,,,,,,,,,,,,,,,,,,,,,,,,,,,,,
97101015,"LE RAIZET AERO",16.264,-61.516333,11,20250214,,,1017.9,1,1016,1,457,9,1931,9,,,,,,,,,,,66,9,50,1,1156,9,95,1,4,9,75,1,0,9,651,9,23.8,9,5.2,9,,,,,,,,,,,0,9,0,9,0,9,,,,,,,,,,,0,9,0,9,0,9,,,,,,,,,,
97101015,"LE RAIZET AERO",16.264,-61.516333,11,20250215,,,1016.3,1,1014.7,1,422,9,1681,9,,,,,,,,,,,61,9,56,1,1411,9,89,1,708,9,72,1,0,9,240,9,23.3,9,4.5,9,,,,,,,,,,,0,9,0,9,0,9,,,,,,,,,,,0,9,0,9,0,9,,,,,,,,,,
97101015,"LE RAIZET AERO",16.264,-61.516333,11,20250216,,,1016.5,1,1015,1,527,9,2105,9,,,,,,,,,,,76,9,49,1,1209,9,86,1,2355,9,68,1,0,9,44,9,22.5,9,6.2,9,,,,,,,,,,,0,9,0,9,0,9,,,,,,,,,,,0,9,0,9,0,9,,,,,,,,,,
97119008,"PETIT-CANAL GODET-INRAE",16.405,-61.481667,35,20250216,,,,,,,,,2353,9,,,,,,,,,,,,,51,1,1236,9,80,1,2354,9,67,1,0,9,12,9,22.9,9,6.3,9,,,,,,,,,,,,,,,,,,,,,,,,,,,,,,,,,,,,,,,,,,
97101015,"LE RAIZET AERO",16.264,-61.516333,11,20250217,,,1016.5,1,1014.8,1,369,9,1648,9,,,,,,,,,,,53,9,57,1,857,9,90,1,46,9,75,1,0,9,481,9,24,9,4.2,9,,,,,,,,,,,0,9,0,9,,,,,,,,,,,,,0,9,0,9,0,9,,,,,,,,,,
97101015,"LE RAIZET AERO",16.264,-61.516333,11,20250218,,,1016.2,1,1015,1,470,9,2110,9,,,,,,,,,,,68,9,42,1,1308,9,87,1,2344,9,69,1,0,9,395,9,22.9,9,6.2,9,,,,,,,,,,,0,9,0,9,,,,,,,,,,,,,0,9,0,9,0,9,,,,,,,,,,
97101015,"LE RAIZET AERO",16.264,-61.516333,11,20250219,,,1016.7,1,1015.3,1,342,9,1575,9,,,,,,,,,,,49,9,55,1,1212,9,93,1,231,9,77,1,0,9,800,9,23.9,9,4.4,9,,,,,,,,,,,0,9,0,9,0,9,,,,,,,,,,,0,9,0,9,0,9,,,,,,,,,,
97101015,"LE RAIZET AERO",16.264,-61.516333,11,20250220,,,1017.2,1,1015.6,1,218,9,1300,9,,,,,,,,,,,31,9,65,1,1319,9,96,1,1113,9,83,1,0,9,930,9,24.5,9,3.5,9,,,,,,,,,,,0,9,0,9,0,9,,,,,,,,,,,0,9,0,9,0,9,,,,,,,,,,
97119008,"PETIT-CANAL GODET-INRAE",16.405,-61.481667,35,20250213,,,,,,,,,2314,9,,,,,,,,,,,,,44,1,1018,9,95,1,2324,9,71,1,0,9,480,9,23.1,1,6.1,9,,,,,,,,,,,,,,,,,,,,,,,,,,,,,,,,,,,,,,,,,,
97119008,"PETIT-CANAL GODET-INRAE",16.405,-61.481667,35,20250211,,,,,,,,,2178,9,,,,,,,,,,,,,53,1,1042,9,84,1,2000,9,66,1,0,9,42,9,21.9,1,6,9,,,,,,,,,,,,,,,,,,,,,,,,,,,,,,,,,,,,,,,,,,
97119008,"PETIT-CANAL GODET-INRAE",16.405,-61.481667,35,20250210,,,,,,,,,2000,9,,,,,,,,,,,,,61,1,1136,9,91,1,454,9,73,1,0,9,396,9,23.7,9,4.7,9,,,,,,,,,,,,,,,,,,,,,,,,,,,,,,,,,,,,,,,,,,
97119008,"PETIT-CANAL GODET-INRAE",16.405,-61.481667,35,20250212,,,,,,,,,2164,9,,,,,,,,,,,,,57,1,1042,9,93,1,406,9,75,1,0,9,468,9,24.3,1,5.3,9,,,,,,,,,,,,,,,,,,,,,,,,,,,,,,,,,,,,,,,,,,
97119008,"PETIT-CANAL GODET-INRAE",16.405,-61.481667,35,20250214,,,,,,,,,2136,9,,,,,,,,,,,,,53,1,1248,9,94,1,48,9,75,1,0,9,630,9,23.9,1,5.1,9,,,,,,,,,,,,,,,,,,,,,,,,,,,,,,,,,,,,,,,,,,
97119008,"PETIT-CANAL GODET-INRAE",16.405,-61.481667,35,20250215,,,,,,,,,2164,9,,,,,,,,,,,,,54,1,1412,9,91,1,512,9,71,1,0,9,204,9,23.3,1,5.1,9,,,,,,,,,,,,,,,,,,,,,,,,,,,,,,,,,,,,,,,,,,
97101015,"LE RAIZET AERO",16.264,-61.516333,11,20250221,,,1016.8,1,1015,1,444,9,2094,9,,,,,,,,,,,64,9,44,1,1507,9,98,1,448,9,77,1,0,9,631,9,22.2,9,4.4,9,,,,,,,,,,,0,9,0,9,0,9,,,,,,,,,,,0,9,0,9,0,9,,,,,,,,,,
97101015,"LE RAIZET AERO",16.264,-61.516333,11,20250222,,,1017.1,1,1015.5,1,301,9,1527,9,,,,,,,,,,,43,9,54,1,1220,9,94,1,143,9,81,1,0,9,885,9,24.2,9,3.6,9,,,,,,,,,,,0,9,0,9,0,9,,,,,,,,,,,0,9,0,9,0,9,,,,,,,,,,
97101015,"LE RAIZET AERO",16.264,-61.516333,11,20250223,,,1016.4,1,1015,1,454,9,2067,9,,,,,,,,,,,65,9,47,1,1058,9,98,1,627,9,75,1,0,9,671,9,22.8,9,4.6,9,,,,,,,,,,,0,9,0,9,,,,,,,,,,,,,0,9,0,9,0,9,,,,,,,,,,
97101015,"LE RAIZET AERO",16.264,-61.516333,11,20250224,,,1015.5,1,1013.9,1,263,9,1482,9,,,,,,,,,,,38,9,59,1,1408,9,94,1,2058,9,79,1,0,9,847,9,25.2,9,4.3,9,,,,,,,,,,,0,9,0,9,0,9,,,,,,,,,,,0,9,0,9,0,9,,,,,,,,,,
97101015,"LE RAIZET AERO",16.264,-61.516333,11,20250225,,,1015.5,1,1013.6,1,530,9,2294,9,,,,,,,,,,,76,9,60,1,1145,9,94,1,410,9,81,1,0,9,784,9,26.1,9,4.9,9,,,,,,,,,,,0,9,0,9,,,,,,,,,,,,,0,9,0,9,0,9,,,,,,,,,,
97101015,"LE RAIZET AERO",16.264,-61.516333,11,20250226,,,1016.3,1,1014.6,1,330,9,1330,9,,,,,,,,,,,47,9,67,1,1649,9,96,1,210,9,85,1,0,9,1029,9,26.2,9,3.2,9,,,,,,,,,,,0,9,0,9,,,,,,,,,,,,,0,9,0,9,0,9,,,,,,,,,,
97119008,"PETIT-CANAL GODET-INRAE",16.405,-61.481667,35,20250302,,,,,,,,,1748,9,,,,,,,,,,,,,56,1,1342,9,96,1,742,9,83,1,0,9,996,9,24.9,9,4,9,,,,,,,,,,,,,,,,,,,,,,,,,,,,,,,,,,,,,,,,,,
97119008,"PETIT-CANAL GODET-INRAE",16.405,-61.481667,35,20250220,,,,,,,,,1362,9,,,,,,,,,,,,,64,1,1554,9,96,1,224,9,79,1,0,9,702,9,24,1,3.2,9,,,,,,,,,,,,,,,,,,,,,,,,,,,,,,,,,,,,,,,,,,
97119008,"PETIT-CANAL GODET-INRAE",16.405,-61.481667,35,20250222,,,,,,,,,2314,9,,,,,,,,,,,,,53,1,1330,9,93,1,318,9,75,1,0,9,684,9,23.6,1,4.8,9,,,,,,,,,,,,,,,,,,,,,,,,,,,,,,,,,,,,,,,,,,
97101015,"LE RAIZET AERO",16.264,-61.516333,11,20250228,,,1015.1,1,1013.4,1,414,9,1877,9,,,,,,,,,,,59,9,59,1,1432,9,96,1,508,9,81,1,0,9,682,9,25.7,9,4.1,9,,,,,,,,,,,0,9,0,9,0,9,,,,,,,,,,,0,9,0,9,0,9,,,,,,,,,,
97101015,"LE RAIZET AERO",16.264,-61.516333,11,20250227,,,1015.5,1,1013.9,1,557,9,2203,9,,,,,,,,,,,80,9,53,1,1249,9,95,1,115,9,78,1,0,9,776,9,25,9,4.7,9,,,,,,,,,,,0,9,0,9,0,9,,,,,,,,,,,0,9,0,9,0,9,,,,,,,,,,
97119008,"PETIT-CANAL GODET-INRAE",16.405,-61.481667,35,20250223,,,,,,,,,2284,9,,,,,,,,,,,,,48,1,1318,9,91,1,212,9,71,1,0,9,312,9,23,1,5.1,9,,,,,,,,,,,,,,,,,,,,,,,,,,,,,,,,,,,,,,,,,,
97119008,"PETIT-CANAL GODET-INRAE",16.405,-61.481667,35,20250217,,,,,,,,,1958,9,,,,,,,,,,,,,55,1,824,9,93,1,1812,9,75,1,0,9,258,9,24.3,1,4.8,9,,,,,,,,,,,,,,,,,,,,,,,,,,,,,,,,,,,,,,,,,,
97119008,"PETIT-CANAL GODET-INRAE",16.405,-61.481667,35,20250221,,,,,,,,,2366,9,,,,,,,,,,,,,47,1,1412,9,91,1,712,9,73,1,0,9,498,9,22.4,1,5,9,,,,,,,,,,,,,,,,,,,,,,,,,,,,,,,,,,,,,,,,,,
97119008,"PETIT-CANAL GODET-INRAE",16.405,-61.481667,35,20250225,,,,,,,,,1472,9,,,,,,,,,,,,,59,1,1454,9,94,1,2342,9,78,1,0,9,702,9,25.5,1,4.1,9,,,,,,,,,,,,,,,,,,,,,,,,,,,,,,,,,,,,,,,,,,
97101015,"LE RAIZET AERO",16.264,-61.516333,11,20250301,,,1015.6,1,1014.1,1,598,9,2446,9,,,,,,,,,,,85,9,51,1,1104,9,92,1,3,9,72,1,0,9,596,9,23.6,9,6.2,9,,,,,,,,,,,0,9,0,9,0,9,,,,,,,,,,,0,9,0,9,0,9,,,,,,,,,,
97119008,"PETIT-CANAL GODET-INRAE",16.405,-61.481667,35,20250226,,,,,,,,,1308,9,,,,,,,,,,,,,67,1,1400,9,95,1,224,9,85,1,0,9,1098,9,26.3,1,3,9,,,,,,,,,,,,,,,,,,,,,,,,,,,,,,,,,,,,,,,,,,
97119008,"PETIT-CANAL GODET-INRAE",16.405,-61.481667,35,20250219,,,,,,,,,2010,9,,,,,,,,,,,,,56,1,1054,9,94,1,2312,9,76,1,0,9,456,9,24.5,1,5.1,9,,,,,,,,,,,,,,,,,,,,,,,,,,,,,,,,,,,,,,,,,,
97119008,"PETIT-CANAL GODET-INRAE",16.405,-61.481667,35,20250224,,,,,,,,,1746,9,,,,,,,,,,,,,58,1,1512,9,87,1,2300,9,73,1,0,9,90,9,24.3,1,5,9,,,,,,,,,,,,,,,,,,,,,,,,,,,,,,,,,,,,,,,,,,
97119008,"PETIT-CANAL GODET-INRAE",16.405,-61.481667,35,20250218,,,,,,,,,2420,9,,,,,,,,,,,,,51,1,1242,9,87,1,506,9,69,1,0,9,150,9,23.1,1,6.1,9,,,,,,,,,,,,,,,,,,,,,,,,,,,,,,,,,,,,,,,,,,
97101015,"LE RAIZET AERO",16.264,-61.516333,11,20250304,,,1013.8,1,1012.1,1,590,9,2389,9,,,,,,,,,,,84,9,52,1,1140,9,96,1,359,9,77,1,0,9,713,9,25.1,9,5.3,9,,,,,,,,,,,0,9,0,9,,,,,,,,,,,,,0,9,0,9,0,9,,,,,,,,,,
97101015,"LE RAIZET AERO",16.264,-61.516333,11,20250303,,,1014.2,1,1012.6,1,432,9,2084,9,,,,,,,,,,,61,9,54,1,1348,9,95,1,704,9,79,1,0,9,795,9,25.2,9,4.8,9,,,,,,,,,,,0,9,0,9,0,9,,,,,,,,,,,0,9,0,9,0,9,,,,,,,,,,
97101015,"LE RAIZET AERO",16.264,-61.516333,11,20250302,,,1015.2,1,1013.7,1,314,9,1817,9,,,,,,,,,,,45,9,59,1,1245,9,92,1,756,9,79,1,0,9,719,9,24.7,9,4.5,9,,,,,,,,,,,0,9,0,9,0,9,,,,,,,,,,,0,9,0,9,0,9,,,,,,,,,,
97101015,"LE RAIZET AERO",16.264,-61.516333,11,20250305,,,1013,1,1011.6,1,342,9,1780,9,,,,,,,,,,,48,9,58,1,1337,9,96,1,13,9,79,1,0,9,551,9,25.6,9,4.4,9,,,,,,,,,,,0,9,0,9,,,,,,,,,,,,,0,9,0,9,0,9,,,,,,,,,,
97119008,"PETIT-CANAL GODET-INRAE",16.405,-61.481667,35,20250227,,,,,,,,,2144,9,,,,,,,,,,,,,51,1,1400,9,92,1,536,9,78,1,0,9,828,9,24.7,1,4.8,9,,,,,,,,,,,,,,,,,,,,,,,,,,,,,,,,,,,,,,,,,,
97119008,"PETIT-CANAL GODET-INRAE",16.405,-61.481667,35,20250301,,,,,,,,,2446,9,,,,,,,,,,,,,57,1,1154,9,95,1,212,9,74,1,0,9,426,9,24,1,5.5,9,,,,,,,,,,,,,,,,,,,,,,,,,,,,,,,,,,,,,,,,,,
97119008,"PETIT-CANAL GODET-INRAE",16.405,-61.481667,35,20250228,,,,,,,,,2224,9,,,,,,,,,,,,,54,1,1424,9,92,1,2354,9,78,1,0,9,648,9,25.3,1,5.1,9,,,,,,,,,,,,,,,,,,,,,,,,,,,,,,,,,,,,,,,,,,
97101015,"LE RAIZET AERO",16.264,-61.516333,11,20250306,,,1014.2,1,1012.4,1,510,9,2196,9,,,,,,,,,,,72,9,52,1,1407,9,90,1,2304,9,73,1,0,9,358,9,24.2,9,5.8,9,,,,,,,,,,,0,9,0,9,0,9,,,,,,,,,,,0,9,0,9,0,9,,,,,,,,,,
97101015,"LE RAIZET AERO",16.264,-61.516333,11,20250307,,,1016.3,1,1014.7,1,343,9,1770,9,,,,,,,,,,,49,9,59,1,1229,9,96,1,714,9,80,1,0,9,773,9,25,9,3.9,9,,,,,,,,,,,0,9,0,9,0,9,,,,,,,,,,,0,9,0,9,0,9,,,,,,,,,,
97101015,"LE RAIZET AERO",16.264,-61.516333,11,20250308,,,1016,1,1014.2,1,296,9,1539,9,,,,,,,,,,,42,9,62,1,940,9,97,1,555,9,85,1,0,9,945,9,25.4,9,3.2,9,,,,,,,,,,,0,9,0,9,0,9,,,,,,,,,,,0,9,0,9,0,9,,,,,,,,,,
97101015,"LE RAIZET AERO",16.264,-61.516333,11,20250309,,,1015.9,1,1014.5,1,415,9,1980,9,,,,,,,,,,,59,9,55,1,1113,9,98,1,224,9,80,1,0,9,679,9,23.9,9,4.1,9,,,,,,,,,,,0,9,0,9,0,9,,,,,,,,,,,0,9,0,9,0,9,,,,,,,,,,
97101015,"LE RAIZET AERO",16.264,-61.516333,11,20250310,,,1015.6,1,1013.8,1,429,9,1942,9,,,,,,,,,,,60,9,56,1,1108,9,96,1,332,9,77,1,0,9,647,9,23,9,4.2,9,,,,,,,,,,,0,9,0,9,0,9,,,,,,,,,,,0,9,0,9,0,9,,,,,,,,,,
97119008,"PETIT-CANAL GODET-INRAE",16.405,-61.481667,35,20250310,,,,,,,,,2564,9,,,,,,,,,,,,,51,1,1500,9,91,1,2112,9,76,1,0,9,762,9,23.2,9,5.4,9,,,,,,,,,,,,,,,,,,,,,,,,,,,,,,,,,,,,,,,,,,
97119008,"PETIT-CANAL GODET-INRAE",16.405,-61.481667,35,20250309,,,,,,,,,2520,9,,,,,,,,,,,,,50,1,1218,9,97,1,718,9,77,1,0,9,762,9,23.3,9,5.2,9,,,,,,,,,,,,,,,,,,,,,,,,,,,,,,,,,,,,,,,,,,
97101015,"LE RAIZET AERO",16.264,-61.516333,11,20250311,,,1015,1,1013.2,1,544,9,2484,9,,,,,,,,,,,77,9,53,1,1422,9,96,1,251,9,75,1,0,9,505,9,24.1,9,5,9,,,,,,,,,,,0,9,0,9,0,9,,,,,,,,,,,0,9,0,9,0,9,,,,,,,,,,
97101015,"LE RAIZET AERO",16.264,-61.516333,11,20250312,,,1015.2,1,1013.7,1,553,9,2389,9,,,,,,,,,,,78,9,55,1,1043,9,93,1,643,9,74,1,0,9,589,9,24.9,9,5.6,9,,,,,,,,,,,0,9,0,9,0,9,,,,,,,,,,,0,9,0,9,0,9,,,,,,,,,,
97119008,"PETIT-CANAL GODET-INRAE",16.405,-61.481667,35,20250313,,,,,,,,,2665,9,,,,,,,,,,,,,42,1,1230,9,96,1,648,9,78,1,0,9,816,9,24.5,9,5.6,9,,,,,,,,,,,,,,,,,,,,,,,,,,,,,,,,,,,,,,,,,,
97119008,"PETIT-CANAL GODET-INRAE",16.405,-61.481667,35,20250312,,,,,,,,,2065,9,,,,,,,,,,,,,44,1,1548,9,93,1,2354,9,75,1,0,9,696,9,24.3,1,5.1,9,,,,,,,,,,,,,,,,,,,,,,,,,,,,,,,,,,,,,,,,,,
97101015,"LE RAIZET AERO",16.264,-61.516333,11,20250313,,,1015,1,1013.3,1,323,9,1634,9,,,,,,,,,,,45,9,54,1,1355,9,95,1,619,9,80,1,0,9,802,9,25.4,9,3.9,9,,,,,,,,,,,0,9,0,9,0,9,,,,,,,,,,,0,9,0,9,0,9,,,,,,,,,,
97119008,"PETIT-CANAL GODET-INRAE",16.405,-61.481667,35,20250306,,,,,,,,,1520,9,,,,,,,,,,,,,55,1,1036,9,91,1,2354,9,74,1,0,9,552,9,24,1,4.6,9,,,,,,,,,,,,,,,,,,,,,,,,,,,,,,,,,,,,,,,,,,
97119008,"PETIT-CANAL GODET-INRAE",16.405,-61.481667,35,20250305,,,,,,,,,1830,9,,,,,,,,,,,,,52,1,1442,9,97,1,418,9,79,1,0,9,786,9,25,1,4.4,9,,,,,,,,,,,,,,,,,,,,,,,,,,,,,,,,,,,,,,,,,,
97119008,"PETIT-CANAL GODET-INRAE",16.405,-61.481667,35,20250308,,,,,,,,,2378,9,,,,,,,,,,,,,55,1,1112,9,97,1,724,9,79,1,0,9,798,9,24.4,1,4.8,9,,,,,,,,,,,,,,,,,,,,,,,,,,,,,,,,,,,,,,,,,,
97119008,"PETIT-CANAL GODET-INRAE",16.405,-61.481667,35,20250304,,,,,,,,,2454,9,,,,,,,,,,,,,54,1,1354,9,97,1,624,9,80,1,0,9,810,9,25.4,1,5,9,,,,,,,,,,,,,,,,,,,,,,,,,,,,,,,,,,,,,,,,,,
97119008,"PETIT-CANAL GODET-INRAE",16.405,-61.481667,35,20250307,,,,,,,,,2314,9,,,,,,,,,,,,,57,1,1336,9,94,1,624,9,78,1,0,9,756,9,24.9,1,4.8,9,,,,,,,,,,,,,,,,,,,,,,,,,,,,,,,,,,,,,,,,,,
97119008,"PETIT-CANAL GODET-INRAE",16.405,-61.481667,35,20250303,,,,,,,,,2120,9,,,,,,,,,,,,,55,1,1306,9,97,1,736,9,82,1,0,9,846,9,25,1,4.6,9,,,,,,,,,,,,,,,,,,,,,,,,,,,,,,,,,,,,,,,,,,
97119008,"PETIT-CANAL GODET-INRAE",16.405,-61.481667,35,20250311,,,,,,,,,2479,9,,,,,,,,,,,,,50,1,1424,9,91,1,200,9,73,1,0,9,522,9,23.9,1,5.5,9,,,,,,,,,,,,,,,,,,,,,,,,,,,,,,,,,,,,,,,,,,
97119008,"PETIT-CANAL GODET-INRAE",16.405,-61.481667,35,20250314,,,,,,,,,2717,9,,,,,,,,,,,,,46,1,1448,9,95,1,518,9,77,1,0,9,780,9,24.3,9,5.8,9,,,,,,,,,,,,,,,,,,,,,,,,,,,,,,,,,,,,,,,,,,
97101015,"LE RAIZET AERO",16.264,-61.516333,11,20250314,,,1013.6,1,1011.8,1,588,9,2438,9,,,,,,,,,,,82,9,55,1,1251,9,95,1,129,9,75,1,0,9,614,9,24.4,9,5.3,9,,,,,,,,,,,0,9,0,9,0,9,,,,,,,,,,,0,9,0,9,0,9,,,,,,,,,,
97119008,"PETIT-CANAL GODET-INRAE",16.405,-61.481667,35,20250315,,,,,,,,,1295,9,,,,,,,,,,,,,55,1,1718,9,91,1,2354,9,75,1,0,9,690,9,24.1,9,3.3,9,,,,,,,,,,,,,,,,,,,,,,,,,,,,,,,,,,,,,,,,,,
97101015,"LE RAIZET AERO",16.264,-61.516333,11,20250315,,,1013.7,1,1012,1,544,9,2310,9,,,,,,,,,,,76,9,58,1,1107,9,95,1,511,9,77,1,0,9,695,9,24.4,9,4.8,9,,,,,,,,,,,0,9,0,9,0,9,,,,,,,,,,,0,9,0,9,0,9,,,,,,,,,,
97101015,"LE RAIZET AERO",16.264,-61.516333,11,20250316,,,1015.3,1,1013.6,1,286,9,1454,9,,,,,,,,,,,40,9,59,1,952,9,98,1,652,9,81,1,0,9,751,9,25,9,3.1,9,,,,,,,,,,,0,9,0,9,,,,,,,,,,,,,0,9,0,9,0,9,,,,,,,,,,
97119008,"PETIT-CANAL GODET-INRAE",16.405,-61.481667,35,20250316,,,,,,,,,1806,9,,,,,,,,,,,,,54,1,1324,9,96,1,700,9,79,1,0,9,774,9,24.7,9,3.7,9,,,,,,,,,,,,,,,,,,,,,,,,,,,,,,,,,,,,,,,,,,
97101015,"LE RAIZET AERO",16.264,-61.516333,11,20250317,,,1014.6,1,1013.1,1,556,9,2321,9,,,,,,,,,,,78,9,55,1,1106,9,97,1,337,9,77,1,0,9,675,9,24,9,4.8,9,,,,,,,,,,,0,9,0,9,0,9,,,,,,,,,,,0,9,0,9,0,9,,,,,,,,,,
97101015,"LE RAIZET AERO",16.264,-61.516333,11,20250318,,,1013.8,1,1012.2,1,478,9,2135,9,,,,,,,,,,,67,9,55,1,1145,9,96,1,430,9,78,1,0,9,620,9,24.9,9,4.4,9,,,,,,,,,,,0,9,0,9,0,9,,,,,,,,,,,0,9,0,9,0,9,,,,,,,,,,
97101015,"LE RAIZET AERO",16.264,-61.516333,11,20250319,,,1013.9,1,,,336,9,1697,9,,,,,,,,,,,47,9,57,1,1032,9,97,1,652,9,80,1,0,9,762,9,26.5,1,3.7,9,,,,,,,,,,,,,0,9,,,,,,,,,,,,,0,9,0,9,0,9,,,,,,,,,,
97101015,"LE RAIZET AERO",16.264,-61.516333,11,20250320,,,1015.8,1,1013.6,9,554,9,2328,9,,,,,,,,,,,77,9,61,1,1250,9,96,1,541,9,80,1,0,9,773,9,27,9,4.9,9,,,,,,,,,,,0,9,0,9,0,9,,,,,,,,,,,0,9,0,9,0,9,,,,,,,,,,
97101015,"LE RAIZET AERO",16.264,-61.516333,11,20250321,,,1017.2,1,1015.4,1,577,9,2350,9,,,,,,,,,,,80,9,50,1,1234,9,94,1,255,9,77,1,0,9,736,9,27,9,5.7,9,,,,,,,,,,,0,9,0,9,0,9,,,,,,,,,,,0,9,0,9,0,9,,,,,,,,,,
97101015,"LE RAIZET AERO",16.264,-61.516333,11,20250322,,,1018.3,1,1016.6,1,538,9,2402,9,,,,,,,,,,,75,9,52,1,1311,9,94,1,722,9,75,1,0,9,723,9,25.7,9,5.8,9,,,,,,,,,,,0,9,0,9,0,9,,,,,,,,,,,0,9,0,9,0,9,,,,,,,,,,
97101015,"LE RAIZET AERO",16.264,-61.516333,11,20250323,,,1018.1,1,1016.7,1,381,9,2062,9,,,,,,,,,,,53,9,49,1,1153,9,96,1,703,9,73,1,0,9,557,9,24.6,9,5.2,9,,,,,,,,,,,0,9,0,9,0,9,,,,,,,,,,,0,9,0,9,0,9,,,,,,,,,,
97101015,"LE RAIZET AERO",16.264,-61.516333,11,20250324,,,1017.9,1,1015.9,1,433,9,2184,9,,,,,,,,,,,60,9,44,1,1215,9,84,1,2217,9,72,1,0,9,427,9,24.6,9,6.3,9,,,,,,,,,,,0,9,0,9,0,9,,,,,,,,,,,0,9,0,9,0,9,,,,,,,,,,
97101015,"LE RAIZET AERO",16.264,-61.516333,11,20250325,,,1017.6,1,1016.1,1,459,9,2246,9,,,,,,,,,,,63,9,53,1,1322,9,90,1,605,9,74,1,0,9,439,9,24.9,9,6.2,9,,,,,,,,,,,0,9,0,9,0,9,,,,,,,,,,,0,9,0,9,0,9,,,,,,,,,,
97101015,"LE RAIZET AERO",16.264,-61.516333,11,20250326,,,1016.9,1,1015.2,1,631,9,2635,9,,,,,,,,,,,87,9,48,1,1336,9,84,1,518,9,70,1,0,9,379,9,24.3,9,6.9,9,,,,,,,,,,,0,9,0,9,0,9,,,,,,,,,,,0,9,0,9,0,9,,,,,,,,,,
97119008,"PETIT-CANAL GODET-INRAE",16.405,-61.481667,35,20250318,,,,,,,,,1860,9,,,,,,,,,,,,,27,1,1106,9,96,1,654,9,78,1,12,9,786,9,24.2,1,4,9,,,,,,,,,,,,,,,,,,,,,,,,,,,,,,,,,,,,,,,,,,
97119008,"PETIT-CANAL GODET-INRAE",16.405,-61.481667,35,20250321,,,,,,,,,1880,9,,,,,,,,,,,,,53,1,1048,9,96,1,200,9,79,1,0,9,780,9,26.9,1,4.7,9,,,,,,,,,,,,,,,,,,,,,,,,,,,,,,,,,,,,,,,,,,
97101015,"LE RAIZET AERO",16.264,-61.516333,11,20250327,,,1016.2,1,1014.5,1,399,9,1907,9,,,,,,,,,,,55,9,53,1,1347,9,93,1,311,9,75,1,0,9,495,9,24.8,9,5.3,9,,,,,,,,,,,0,9,0,9,0,9,,,,,,,,,,,0,9,0,9,0,9,,,,,,,,,,
97119008,"PETIT-CANAL GODET-INRAE",16.405,-61.481667,35,20250322,,,,,,,,,2670,9,,,,,,,,,,,,,50,1,1306,9,93,1,724,9,74,1,0,9,480,9,25.6,1,6.3,9,,,,,,,,,,,,,,,,,,,,,,,,,,,,,,,,,,,,,,,,,,
97119008,"PETIT-CANAL GODET-INRAE",16.405,-61.481667,35,20250325,,,,,,,,,2520,9,,,,,,,,,,,,,55,1,1324,9,91,1,1742,9,71,1,0,9,204,9,24.6,1,6.5,9,,,,,,,,,,,,,,,,,,,,,,,,,,,,,,,,,,,,,,,,,,
97119008,"PETIT-CANAL GODET-INRAE",16.405,-61.481667,35,20250326,,,,,,,,,2802,9,,,,,,,,,,,,,43,1,1430,9,89,1,2348,9,68,1,0,9,132,9,23.9,1,7.4,9,,,,,,,,,,,,,,,,,,,,,,,,,,,,,,,,,,,,,,,,,,
97119008,"PETIT-CANAL GODET-INRAE",16.405,-61.481667,35,20250320,,,,,,,,,1990,9,,,,,,,,,,,,,46,1,1200,9,98,1,712,9,78,1,0,9,792,9,26,1,4.6,9,,,,,,,,,,,,,,,,,,,,,,,,,,,,,,,,,,,,,,,,,,
97119008,"PETIT-CANAL GODET-INRAE",16.405,-61.481667,35,20250319,,,,,,,,,1564,9,,,,,,,,,,,,,56,1,1036,9,98,1,718,9,83,1,0,9,864,9,26.3,1,3.4,9,,,,,,,,,,,,,,,,,,,,,,,,,,,,,,,,,,,,,,,,,,
97119008,"PETIT-CANAL GODET-INRAE",16.405,-61.481667,35,20250317,,,,,,,,,2520,9,,,,,,,,,,,,,42,1,1400,9,97,1,718,9,75,1,0,9,720,9,23.4,1,5.2,9,,,,,,,,,,,,,,,,,,,,,,,,,,,,,,,,,,,,,,,,,,
97119008,"PETIT-CANAL GODET-INRAE",16.405,-61.481667,35,20250323,,,,,,,,,2612,9,,,,,,,,,,,,,49,1,1230,9,87,1,2354,9,70,1,0,9,198,9,25,1,6.6,9,,,,,,,,,,,,,,,,,,,,,,,,,,,,,,,,,,,,,,,,,,
97101015,"LE RAIZET AERO",16.264,-61.516333,11,20250328,,,1015.5,1,1014,1,429,9,2142,9,,,,,,,,,,,59,9,53,1,1050,9,90,1,241,9,72,1,0,9,415,9,23.8,9,5.5,9,,,,,,,,,,,0,9,0,9,0,9,,,,,,,,,,,0,9,0,9,0,9,,,,,,,,,,
97101015,"LE RAIZET AERO",16.264,-61.516333,11,20250329,,,1015.7,1,1014,1,398,9,1974,9,,,,,,,,,,,55,9,45,1,1524,9,91,1,636,9,72,1,0,9,379,9,23.6,9,5.2,9,,,,,,,,,,,0,9,0,9,0,9,,,,,,,,,,,0,9,0,9,0,9,,,,,,,,,,
97101015,"LE RAIZET AERO",16.264,-61.516333,11,20250330,,,1015,1,1013.6,1,263,9,1760,9,,,,,,,,,,,36,9,48,1,1222,9,88,1,824,9,70,1,0,9,199,9,23.1,9,6,9,,,,,,,,,,,0,9,0,9,0,9,,,,,,,,,,,0,9,0,9,0,9,,,,,,,,,,
97101015,"LE RAIZET AERO",16.264,-61.516333,11,20250401,,,1016.7,1,1015.3,1,385,9,1853,9,,,,,,,,,,,53,9,61,1,1353,9,88,1,1219,9,78,1,0,9,579,9,24.9,9,4.9,9,,,,,,,,,,,0,9,0,9,0,9,,,,,,,,,,,0,9,0,9,0,9,,,,,,,,,,
97119008,"PETIT-CANAL GODET-INRAE",16.405,-61.481667,35,20250330,,,,,,,,,2677,9,,,,,,,,,,,,,51,1,1512,9,86,1,124,9,66,1,0,9,96,9,22.9,9,7.1,9,,,,,,,,,,,,,,,,,,,,,,,,,,,,,,,,,,,,,,,,,,
97101015,"LE RAIZET AERO",16.264,-61.516333,11,20250331,,,1015.5,1,1013.9,1,445,9,2123,9,,,,,,,,,,,61,9,52,1,1113,9,92,1,842,9,75,1,0,9,698,9,24.1,9,5.5,9,,,,,,,,,,,0,9,0,9,0,9,,,,,,,,,,,0,9,0,9,0,9,,,,,,,,,,
97101015,"LE RAIZET AERO",16.264,-61.516333,11,20250402,,,1016.8,1,1015.1,1,526,9,2240,9,,,,,,,,,,,72,9,55,1,1302,9,93,1,424,9,73,1,0,9,543,9,24.1,9,5.8,9,,,,,,,,,,,0,9,0,9,0,9,,,,,,,,,,,0,9,0,9,0,9,,,,,,,,,,
97119008,"PETIT-CANAL GODET-INRAE",16.405,-61.481667,35,20250328,,,,,,,,,2434,9,,,,,,,,,,,,,45,1,1036,9,82,1,206,9,69,1,0,9,54,9,23.8,1,6.5,9,,,,,,,,,,,,,,,,,,,,,,,,,,,,,,,,,,,,,,,,,,
97101015,"LE RAIZET AERO",16.264,-61.516333,11,20250403,,,1017.5,1,1016.1,1,583,9,2440,9,,,,,,,,,,,80,9,48,1,1139,9,88,1,1,9,67,1,0,9,297,9,22.4,9,6.9,9,,,,,,,,,,,0,9,0,9,0,9,,,,,,,,,,,0,9,0,9,0,9,,,,,,,,,,
97119008,"PETIT-CANAL GODET-INRAE",16.405,-61.481667,35,20250329,,,,,,,,,2418,9,,,,,,,,,,,,,51,1,1512,9,92,1,1954,9,72,1,0,9,408,9,23.9,1,6.1,9,,,,,,,,,,,,,,,,,,,,,,,,,,,,,,,,,,,,,,,,,,
97119008,"PETIT-CANAL GODET-INRAE",16.405,-61.481667,35,20250327,,,,,,,,,2460,9,,,,,,,,,,,,,53,1,1336,9,90,1,412,9,73,1,0,9,468,9,24.7,1,6,9,,,,,,,,,,,,,,,,,,,,,,,,,,,,,,,,,,,,,,,,,,
97119008,"PETIT-CANAL GODET-INRAE",16.405,-61.481667,35,20250324,,,,,,,,,2490,9,,,,,,,,,,,,,52,1,1306,9,87,1,6,9,69,1,0,9,126,9,24.3,1,6.7,9,,,,,,,,,,,,,,,,,,,,,,,,,,,,,,,,,,,,,,,,,,
97101015,"LE RAIZET AERO",16.264,-61.516333,11,20250404,,,1018.3,1,1017,1,437,9,2152,9,,,,,,,,,,,60,9,57,1,1100,9,93,1,535,9,76,1,0,9,682,9,24.4,9,5.2,9,,,,,,,,,,,0,9,0,9,0,9,,,,,,,,,,,0,9,0,9,0,9,,,,,,,,,,
97101015,"LE RAIZET AERO",16.264,-61.516333,11,20250405,,,1017.8,1,1016,1,308,9,1755,9,,,,,,,,,,,42,9,55,1,1308,9,95,1,2059,9,84,1,0,9,1016,9,25.2,9,4.2,9,,,,,,,,,,,0,9,0,9,0,9,,,,,,,,,,,0,9,0,9,0,9,,,,,,,,,,
97101015,"LE RAIZET AERO",16.264,-61.516333,11,20250406,,,1016.2,1,1014.2,1,473,9,2091,9,,,,,,,,,,,64,9,54,1,1520,9,97,1,648,9,77,1,0,9,597,9,24,9,4.5,9,,,,,,,,,,,0,9,0,9,0,9,,,,,,,,,,,0,9,0,9,0,9,,,,,,,,,,
97101015,"LE RAIZET AERO",16.264,-61.516333,11,20250407,,,1015,1,1013.6,1,530,9,2164,9,,,,,,,,,,,72,9,51,1,1102,9,97,1,643,9,72,1,0,9,513,9,23.2,9,5.1,9,,,,,,,,,,,0,9,0,9,0,9,,,,,,,,,,,0,9,0,9,0,9,,,,,,,,,,
97119008,"PETIT-CANAL GODET-INRAE",16.405,-61.481667,35,20250406,,,,,,,,,2619,9,,,,,,,,,,,,,55,1,1500,9,94,1,136,9,72,1,0,9,342,9,23.7,9,5.8,9,,,,,,,,,,,,,,,,,,,,,,,,,,,,,,,,,,,,,,,,,,
97101015,"LE RAIZET AERO",16.264,-61.516333,11,20250408,,,1015.2,1,1013.6,1,455,9,2218,9,,,,,,,,,,,62,9,56,1,1411,9,92,1,654,9,74,1,0,9,408,9,24.9,9,5.1,9,,,,,,,,,,,0,9,0,9,0,9,,,,,,,,,,,0,9,0,9,0,9,,,,,,,,,,
97101015,"LE RAIZET AERO",16.264,-61.516333,11,20250409,,,1016.5,1,1015,1,192,9,1571,9,,,,,,,,,,,26,9,62,1,1155,9,94,1,557,9,81,1,0,9,915,9,26.9,9,4.3,9,,,,,,,,,,,0,9,0,9,0,9,,,,,,,,,,,0,9,0,9,0,9,,,,,,,,,,
97119008,"PETIT-CANAL GODET-INRAE",16.405,-61.481667,35,20250404,,,,,,,,,2214,9,,,,,,,,,,,,,58,1,1412,9,91,1,36,9,76,1,0,9,624,9,24.2,1,5.1,9,,,,,,,,,,,,,,,,,,,,,,,,,,,,,,,,,,,,,,,,,,
97101015,"LE RAIZET AERO",16.264,-61.516333,11,20250410,,,1016,1,1014.1,1,451,9,2247,9,,,,,,,,,,,61,9,57,1,1511,9,91,1,431,9,76,1,0,9,706,9,26.7,9,5.6,9,,,,,,,,,,,0,9,0,9,0,9,,,,,,,,,,,0,9,0,9,0,9,,,,,,,,,,
97119008,"PETIT-CANAL GODET-INRAE",16.405,-61.481667,35,20250405,,,,,,,,,1982,9,,,,,,,,,,,,,62,1,1330,9,93,1,2342,9,82,1,0,9,828,9,25.4,1,4.2,9,,,,,,,,,,,,,,,,,,,,,,,,,,,,,,,,,,,,,,,,,,
97119008,"PETIT-CANAL GODET-INRAE",16.405,-61.481667,35,20250403,,,,,,,,,2708,9,,,,,,,,,,,,,48,1,1130,9,89,1,2354,9,66,1,0,9,72,9,22.3,1,7.4,9,,,,,,,,,,,,,,,,,,,,,,,,,,,,,,,,,,,,,,,,,,
97119008,"PETIT-CANAL GODET-INRAE",16.405,-61.481667,35,20250331,,,,,,,,,2444,9,,,,,,,,,,,,,53,1,1436,9,90,1,218,9,73,1,0,9,402,9,23.9,1,6.2,9,,,,,,,,,,,,,,,,,,,,,,,,,,,,,,,,,,,,,,,,,,
97119008,"PETIT-CANAL GODET-INRAE",16.405,-61.481667,35,20250407,,,,,,,,,2560,9,,,,,,,,,,,,,51,1,1448,9,89,1,2130,9,69,1,0,9,246,9,22.9,1,6.4,9,,,,,,,,,,,,,,,,,,,,,,,,,,,,,,,,,,,,,,,,,,
97119008,"PETIT-CANAL GODET-INRAE",16.405,-61.481667,35,20250401,,,,,,,,,2126,9,,,,,,,,,,,,,62,1,1512,9,94,1,1642,9,77,1,0,9,402,9,24.7,1,5.1,9,,,,,,,,,,,,,,,,,,,,,,,,,,,,,,,,,,,,,,,,,,
97119008,"PETIT-CANAL GODET-INRAE",16.405,-61.481667,35,20250402,,,,,,,,,2576,9,,,,,,,,,,,,,55,1,1112,9,93,1,424,9,73,1,0,9,444,9,24.3,1,5.9,9,,,,,,,,,,,,,,,,,,,,,,,,,,,,,,,,,,,,,,,,,,
97101015,"LE RAIZET AERO",16.264,-61.516333,11,20250411,,,1015,1,1013.5,1,223,9,1648,9,,,,,,,,,,,30,9,61,1,1425,9,94,1,413,9,81,1,0,9,951,9,27.4,9,4.3,9,,,,,,,,,,,0,9,0,9,0,9,,,,,,,,,,,0,9,0,9,0,9,,,,,,,,,,
97101015,"LE RAIZET AERO",16.264,-61.516333,11,20250412,,,1014.6,1,1012.9,1,525,9,2343,9,,,,,,,,,,,71,9,58,1,1259,9,90,1,121,9,75,1,0,9,551,9,25.6,9,6.1,9,,,,,,,,,,,0,9,0,9,0,9,,,,,,,,,,,0,9,0,9,0,9,,,,,,,,,,
97101015,"LE RAIZET AERO",16.264,-61.516333,11,20250413,,,1015,1,1013.2,1,599,9,2495,9,,,,,,,,,,,81,9,50,1,1602,9,92,1,457,9,76,1,0,9,706,9,25.3,9,5.8,9,,,,,,,,,,,0,9,0,9,0,9,,,,,,,,,,,0,9,0,9,0,9,,,,,,,,,,
97101015,"LE RAIZET AERO",16.264,-61.516333,11,20250414,,,1016.1,1,1014.7,1,305,9,1886,9,,,,,,,,,,,41,9,56,1,1327,9,95,1,500,9,81,1,0,9,881,9,26.1,9,4.5,9,,,,,,,,,,,0,9,0,9,0,9,,,,,,,,,,,0,9,0,9,0,9,,,,,,,,,,
97101015,"LE RAIZET AERO",16.264,-61.516333,11,20250415,,,1015.3,1,1013.8,1,581,9,2474,9,,,,,,,,,,,78,9,54,1,1218,9,94,1,542,9,75,1,0,9,540,9,25.4,9,5.8,9,,,,,,,,,,,0,9,0,9,0,9,,,,,,,,,,,0,9,0,9,0,9,,,,,,,,,,
97101015,"LE RAIZET AERO",16.264,-61.516333,11,20250416,,,1014.9,1,1012.9,1,385,9,2176,9,,,,,,,,,,,52,9,55,1,1142,9,92,1,747,9,75,1,0,9,566,9,25.2,9,5.8,9,,,,,,,,,,,0,9,0,9,0,9,,,,,,,,,,,0,9,0,9,0,9,,,,,,,,,,
97119008,"PETIT-CANAL GODET-INRAE",16.405,-61.481667,35,20250411,,,,,,,,,1756,9,,,,,,,,,,,,,64,1,948,9,95,1,706,9,86,1,0,9,1002,9,27.9,1,3.8,9,,,,,,,,,,,,,,,,,,,,,,,,,,,,,,,,,,,,,,,,,,
97119008,"PETIT-CANAL GODET-INRAE",16.405,-61.481667,35,20250413,,,,,,,,,1944,9,,,,,,,,,,,,,57,1,1342,9,93,1,2354,9,77,1,0,9,756,9,25.6,1,4.7,9,,,,,,,,,,,,,,,,,,,,,,,,,,,,,,,,,,,,,,,,,,
97119008,"PETIT-CANAL GODET-INRAE",16.405,-61.481667,35,20250409,,,,,,,,,1566,9,,,,,,,,,,,,,68,1,1548,9,94,1,648,9,83,1,0,9,1014,9,26.9,1,3.6,9,,,,,,,,,,,,,,,,,,,,,,,,,,,,,,,,,,,,,,,,,,
97101015,"LE RAIZET AERO",16.264,-61.516333,11,20250417,,,1014.9,1,1013.3,1,527,9,2360,9,,,,,,,,,,,71,9,57,1,1114,9,92,1,436,9,75,1,0,9,397,9,26.2,9,6.1,9,,,,,,,,,,,0,9,0,9,0,9,,,,,,,,,,,0,9,0,9,0,9,,,,,,,,,,
97119008,"PETIT-CANAL GODET-INRAE",16.405,-61.481667,35,20250416,,,,,,,,,1942,9,,,,,,,,,,,,,57,1,1012,9,86,1,130,9,73,1,0,9,312,9,24.9,1,5.3,9,,,,,,,,,,,,,,,,,,,,,,,,,,,,,,,,,,,,,,,,,,
97119008,"PETIT-CANAL GODET-INRAE",16.405,-61.481667,35,20250410,,,,,,,,,2128,9,,,,,,,,,,,,,57,1,1212,9,89,1,224,9,78,1,0,9,834,9,27.1,1,5.3,9,,,,,,,,,,,,,,,,,,,,,,,,,,,,,,,,,,,,,,,,,,
97119008,"PETIT-CANAL GODET-INRAE",16.405,-61.481667,35,20250412,,,,,,,,,2616,9,,,,,,,,,,,,,63,1,1424,9,91,1,6,9,77,1,0,9,636,9,25.9,1,5.9,9,,,,,,,,,,,,,,,,,,,,,,,,,,,,,,,,,,,,,,,,,,
97119008,"PETIT-CANAL GODET-INRAE",16.405,-61.481667,35,20250408,,,,,,,,,2228,9,,,,,,,,,,,,,50,1,1254,9,91,1,2354,9,74,1,0,9,546,9,24.7,1,5.4,9,,,,,,,,,,,,,,,,,,,,,,,,,,,,,,,,,,,,,,,,,,
97101015,"LE RAIZET AERO",16.264,-61.516333,11,20250418,,,1014.9,1,1013.3,1,323,9,1999,9,,,,,,,,,,,43,9,64,1,1429,9,95,1,918,9,78,1,0,9,757,9,27.2,9,5.2,9,,,,,,,,,,,0,9,0,9,0,9,,,,,,,,,,,0,9,0,9,0,9,,,,,,,,,,
97101015,"LE RAIZET AERO",16.264,-61.516333,11,20250419,,,1014.9,1,1013.6,1,236,9,1461,9,,,,,,,,,,,32,9,58,1,1219,9,96,1,632,9,78,1,0,9,715,9,27,9,4.1,9,,,,,,,,,,,0,9,0,9,0,9,,,,,,,,,,,0,9,0,9,0,9,,,,,,,,,,
97101015,"LE RAIZET AERO",16.264,-61.516333,11,20250420,,,1013.5,1,1011.8,1,253,9,1607,9,,,,,,,,,,,34,9,60,1,927,9,97,1,2312,9,87,1,0,9,1130,9,27.1,9,3.5,9,,,,,,,,,,,0,9,0,9,0,9,,,,,,,,,,,0,9,0,9,0,9,,,,,,,,,,
97101015,"LE RAIZET AERO",16.264,-61.516333,11,20250421,,,1011.2,1,1009.5,1,130,9,1080,9,,,,,,,,,,,17,9,66,1,1642,9,96,1,605,9,82,1,0,9,705,9,25.2,9,2.7,9,,,,,,,,,,,0,9,0,9,0,9,,,,,,,,,,,0,9,0,9,0,9,,,,,,,,,,
97101015,"LE RAIZET AERO",16.264,-61.516333,11,20250422,,,1011.1,1,1009.9,1,318,9,1907,9,,,,,,,,,,,42,9,55,1,1201,9,96,1,627,9,75,1,0,9,581,9,22.3,9,4.2,9,,,,,,,,,,,0,9,0,9,0,9,,,,,,,,,,,0,9,0,9,0,9,,,,,,,,,,
97101015,"LE RAIZET AERO",16.264,-61.516333,11,20250423,,,1012.3,1,1010.8,1,104,9,1234,9,,,,,,,,,,,14,9,60,1,1129,9,96,1,2358,9,81,1,0,9,793,9,25.9,9,2.8,9,,,,,,,,,,,0,9,0,9,0,9,,,,,,,,,,,0,9,0,9,0,9,,,,,,,,,,
97101015,"LE RAIZET AERO",16.264,-61.516333,11,20250424,,,1012.7,1,1011,1,219,9,1509,9,,,,,,,,,,,29,9,71,1,936,9,96,1,7,9,87,1,0,9,1142,9,28.2,9,3.6,9,,,,,,,,,,,0,9,0,9,0,9,,,,,,,,,,,0,9,0,9,1,9,,,,,,,,,,
97101015,"LE RAIZET AERO",16.264,-61.516333,11,20250425,,,1012.8,1,1011.2,1,40,9,1120,9,,,,,,,,,,,5,9,63,1,1033,9,96,1,615,9,85,1,0,9,953,9,28.4,9,2.9,9,,,,,,,,,,,0,9,0,9,0,9,,,,,,,,,,,0,9,0,9,0,9,,,,,,,,,,
97101015,"LE RAIZET AERO",16.264,-61.516333,11,20250426,,,1013.2,1,1011.4,1,92,9,1384,9,,,,,,,,,,,12,9,61,1,1552,9,95,1,329,9,81,1,0,9,802,9,27.7,9,3.9,9,,,,,,,,,,,0,9,0,9,0,9,,,,,,,,,,,0,9,0,9,0,9,,,,,,,,,,
97119008,"PETIT-CANAL GODET-INRAE",16.405,-61.481667,35,20250415,,,,,,,,,2672,9,,,,,,,,,,,,,59,1,1412,9,93,1,100,9,73,1,0,9,396,9,25.3,1,6.3,9,,,,,,,,,,,,,,,,,,,,,,,,,,,,,,,,,,,,,,,,,,
97119008,"PETIT-CANAL GODET-INRAE",16.405,-61.481667,35,20250422,,,,,,,,,1790,9,,,,,,,,,,,,,47,1,1230,9,87,1,700,9,71,1,0,9,516,9,21.3,1,4,9,,,,,,,,,,,,,,,,,,,,,,,,,,,,,,,,,,,,,,,,,,
97101015,"LE RAIZET AERO",16.264,-61.516333,11,20250427,,,1014,1,1012.6,1,288,9,1605,9,,,,,,,,,,,38,9,61,1,1614,9,88,1,100,9,79,1,0,9,774,9,27.4,9,4.6,9,,,,,,,,,,,0,9,0,9,0,9,,,,,,,,,,,0,9,0,9,0,9,,,,,,,,,,
97119008,"PETIT-CANAL GODET-INRAE",16.405,-61.481667,35,20250417,,,,,,,,,1796,9,,,,,,,,,,,,,53,1,1054,9,93,1,506,9,77,1,0,9,660,9,26,1,4.9,9,,,,,,,,,,,,,,,,,,,,,,,,,,,,,,,,,,,,,,,,,,
97119008,"PETIT-CANAL GODET-INRAE",16.405,-61.481667,35,20250418,,,,,,,,,1778,9,,,,,,,,,,,,,59,1,1424,9,91,1,618,9,81,1,0,9,816,9,27.1,1,3.9,9,,,,,,,,,,,,,,,,,,,,,,,,,,,,,,,,,,,,,,,,,,
97119008,"PETIT-CANAL GODET-INRAE",16.405,-61.481667,35,20250414,,,,,,,,,2452,9,,,,,,,,,,,,,53,1,1148,9,97,1,730,9,80,1,0,9,816,9,26.1,1,5.3,9,,,,,,,,,,,,,,,,,,,,,,,,,,,,,,,,,,,,,,,,,,
97119008,"PETIT-CANAL GODET-INRAE",16.405,-61.481667,35,20250420,,,,,,,,,1834,9,,,,,,,,,,,,,53,1,1136,9,95,1,654,9,79,1,0,9,774,9,26.3,1,4.2,9,,,,,,,,,,,,,,,,,,,,,,,,,,,,,,,,,,,,,,,,,,
97119008,"PETIT-CANAL GODET-INRAE",16.405,-61.481667,35,20250419,,,,,,,,,2780,9,,,,,,,,,,,,,55,1,1236,9,94,1,630,9,77,1,0,9,750,9,26.4,1,6,9,,,,,,,,,,,,,,,,,,,,,,,,,,,,,,,,,,,,,,,,,,
97119008,"PETIT-CANAL GODET-INRAE",16.405,-61.481667,35,20250423,,,,,,,,,1258,9,,,,,,,,,,,,,59,1,1148,9,94,1,2354,9,79,1,0,9,702,9,25,1,2.8,9,,,,,,,,,,,,,,,,,,,,,,,,,,,,,,,,,,,,,,,,,,
97119008,"PETIT-CANAL GODET-INRAE",16.405,-61.481667,35,20250421,,,,,,,,,1196,9,,,,,,,,,,,,,57,1,1348,9,94,1,642,9,77,1,0,9,492,9,24.1,1,3.1,9,,,,,,,,,,,,,,,,,,,,,,,,,,,,,,,,,,,,,,,,,,
97101015,"LE RAIZET AERO",16.264,-61.516333,11,20250428,,,1014.3,1,1013,1,258,9,1903,9,,,,,,,,,,,34,9,64,1,1158,9,95,1,344,9,84,1,0,9,1002,9,27.8,9,4.8,9,,,,,,,,,,,0,9,0,9,0,9,,,,,,,,,,,0,9,0,9,0,9,,,,,,,,,,
97101015,"LE RAIZET AERO",16.264,-61.516333,11,20250429,,,1012.9,1,1011.2,1,345,9,2027,9,,,,,,,,,,,46,9,60,1,1307,9,96,1,611,9,82,1,0,9,888,9,28.2,9,4.7,9,,,,,,,,,,,,,0,9,0,9,,,,,,,,,,,0,9,0,9,0,9,,,,,,,,,,
97101015,"LE RAIZET AERO",16.264,-61.516333,11,20250430,,,1012.3,1,1010.7,1,341,9,1869,9,,,,,,,,,,,45,9,60,1,1544,9,95,1,342,9,80,1,0,9,750,9,28,9,4.5,9,,,,,,,,,,,0,9,0,9,0,9,,,,,,,,,,,0,9,0,9,0,9,,,,,,,,,,
97119008,"PETIT-CANAL GODET-INRAE",16.405,-61.481667,35,20250427,,,,,,,,,1834,9,,,,,,,,,,,,,64,1,1518,9,90,1,148,9,78,1,0,9,636,9,27.4,1,4.7,9,,,,,,,,,,,,,,,,,,,,,,,,,,,,,,,,,,,,,,,,,,
97119008,"PETIT-CANAL GODET-INRAE",16.405,-61.481667,35,20250426,,,,,,,,,1374,9,,,,,,,,,,,,,67,1,1400,9,94,1,300,9,83,1,0,9,894,9,27.8,1,3.3,9,,,,,,,,,,,,,,,,,,,,,,,,,,,,,,,,,,,,,,,,,,
97119008,"PETIT-CANAL GODET-INRAE",16.405,-61.481667,35,20250425,,,,,,,,,906,9,,,,,,,,,,,,,69,1,1124,9,97,1,748,9,91,1,0,9,1278,9,28.5,1,2,9,,,,,,,,,,,,,,,,,,,,,,,,,,,,,,,,,,,,,,,,,,
97101015,"LE RAIZET AERO",16.264,-61.516333,11,20250501,,,1012.8,1,1011.7,1,114,9,1398,9,,,,,,,,,,,15,9,65,1,1653,9,94,1,437,9,82,1,0,9,900,9,28.8,9,3.5,9,,,,,,,,,,,0,9,0,9,0,9,,,,,,,,,,,0,9,0,9,0,9,,,,,,,,,,
97119008,"PETIT-CANAL GODET-INRAE",16.405,-61.481667,35,20250424,,,,,,,,,1352,9,,,,,,,,,,,,,68,1,924,9,97,1,700,9,90,1,0,9,1182,9,28.4,1,2.8,9,,,,,,,,,,,,,,,,,,,,,,,,,,,,,,,,,,,,,,,,,,
97101015,"LE RAIZET AERO",16.264,-61.516333,11,20250502,,,1013.2,1,1012.1,1,245,9,1498,9,,,,,,,,,,,32,9,70,1,916,9,95,1,411,9,87,1,0,9,1098,9,29,9,3.4,9,,,,,,,,,,,0,9,0,9,1,9,,,,,,,,,,,0,9,0,9,0,9,,,,,,,,,,
97101015,"LE RAIZET AERO",16.264,-61.516333,11,20250503,,,1013.2,1,1012,1,306,9,1534,9,,,,,,,,,,,40,9,71,1,932,9,98,1,528,9,90,1,0,9,1255,9,29.1,9,3.2,9,,,,,,,,,,,0,9,0,9,1,9,,,,,,,,,,,0,9,0,9,0,9,,,,,,,,,,
97101015,"LE RAIZET AERO",16.264,-61.516333,11,20250504,,,1013.4,1,1012.1,1,251,9,1676,9,,,,,,,,,,,33,9,63,1,1336,9,98,1,235,9,91,1,0,9,1242,9,28.8,9,3.8,9,,,,,,,,,,,0,9,0,9,1,9,,,,,,,,,,,0,9,0,9,0,9,,,,,,,,,,
97101015,"LE RAIZET AERO",16.264,-61.516333,11,20250505,,,1013.7,1,1012.4,1,139,9,1101,9,,,,,,,,,,,18,9,76,1,1121,9,99,1,630,9,92,1,0,9,1407,9,28.8,9,2.2,9,,,,,,,,,,,0,9,1,9,,,,,,,,,,,,,0,9,0,9,1,9,,,,,,,,,,
97101015,"LE RAIZET AERO",16.264,-61.516333,11,20250506,,,1013.3,1,1011.6,1,291,9,1467,9,,,,,,,,,,,38,9,65,1,1552,9,98,1,56,9,88,1,0,9,1099,9,28.9,9,3.1,9,,,,,,,,,,,0,9,0,9,1,9,,,,,,,,,,,0,9,0,9,0,9,,,,,,,,,,
97101015,"LE RAIZET AERO",16.264,-61.516333,11,20250507,,,1013.3,1,1011.8,1,210,9,1663,9,,,,,,,,,,,28,9,71,1,1258,9,97,1,249,9,89,1,0,9,1032,9,28.7,9,3.6,9,,,,,,,,,,,0,9,0,9,1,9,,,,,,,,,,,0,9,0,9,0,9,,,,,,,,,,
97101015,"LE RAIZET AERO",16.264,-61.516333,11,20250508,,,1014,1,1012.2,1,467,9,2297,9,,,,,,,,,,,61,9,62,1,1328,9,99,1,641,9,84,1,0,9,885,9,28.4,9,4.8,9,,,,,,,,,,,0,9,0,9,0,9,,,,,,,,,,,0,9,0,9,0,9,,,,,,,,,,
97101015,"LE RAIZET AERO",16.264,-61.516333,11,20250509,,,1014.7,1,1013.3,1,540,9,2525,9,,,,,,,,,,,71,9,61,1,1303,9,97,1,614,9,81,1,0,9,777,9,29,9,5.5,9,,,,,,,,,,,0,9,0,9,0,9,,,,,,,,,,,0,9,0,9,0,9,,,,,,,,,,
97101015,"LE RAIZET AERO",16.264,-61.516333,11,20250510,,,1016.7,1,1014.8,1,460,9,2222,9,,,,,,,,,,,60,9,66,1,1508,9,94,1,141,9,83,1,0,9,902,9,29.9,9,5.2,9,,,,,,,,,,,0,9,0,9,0,9,,,,,,,,,,,0,9,0,9,0,9,,,,,,,,,,
97101015,"LE RAIZET AERO",16.264,-61.516333,11,20250511,,,1017.2,1,1015.5,1,423,9,1930,9,,,,,,,,,,,55,9,65,1,1627,9,93,1,240,9,81,1,0,9,816,9,29.1,9,5,9,,,,,,,,,,,0,9,0,9,0,9,,,,,,,,,,,0,9,0,9,0,9,,,,,,,,,,
97119008,"PETIT-CANAL GODET-INRAE",16.405,-61.481667,35,20250507,,,,,,,,,1526,9,,,,,,,,,,,,,63,1,1230,9,98,1,2354,9,88,1,0,9,1116,9,28.4,1,3.3,9,,,,,,,,,,,,,,,,,,,,,,,,,,,,,,,,,,,,,,,,,,
97119008,"PETIT-CANAL GODET-INRAE",16.405,-61.481667,35,20250503,,,,,,,,,1662,9,,,,,,,,,,,,,67,1,1418,9,95,1,18,9,86,1,0,9,1050,9,28.5,9,3.7,9,,,,,,,,,,,,,,,,,,,,,,,,,,,,,,,,,,,,,,,,,,
97101015,"LE RAIZET AERO",16.264,-61.516333,11,20250512,,,1016.4,1,1014.3,1,443,9,2401,9,,,,,,,,,,,58,9,53,1,1321,9,95,1,742,9,78,1,0,9,855,9,27.1,9,6,9,,,,,,,,,,,0,9,0,9,0,9,,,,,,,,,,,0,9,0,9,0,9,,,,,,,,,,
97119008,"PETIT-CANAL GODET-INRAE",16.405,-61.481667,35,20250506,,,,,,,,,1650,9,,,,,,,,,,,,,72,1,1506,9,98,1,742,9,92,1,0,9,1248,9,29,1,3.2,9,,,,,,,,,,,,,,,,,,,,,,,,,,,,,,,,,,,,,,,,,,
97119008,"PETIT-CANAL GODET-INRAE",16.405,-61.481667,35,20250430,,,,,,,,,1320,9,,,,,,,,,,,,,66,1,1112,9,96,1,630,9,88,1,0,9,1188,9,28.8,1,2.8,9,,,,,,,,,,,,,,,,,,,,,,,,,,,,,,,,,,,,,,,,,,
97119008,"PETIT-CANAL GODET-INRAE",16.405,-61.481667,35,20250428,,,,,,,,,1310,9,,,,,,,,,,,,,66,1,930,9,96,1,2354,9,85,1,0,9,1170,9,27.5,1,3.3,9,,,,,,,,,,,,,,,,,,,,,,,,,,,,,,,,,,,,,,,,,,
97119008,"PETIT-CANAL GODET-INRAE",16.405,-61.481667,35,20250511,,,,,,,,,2634,9,,,,,,,,,,,,,66,1,1518,9,92,1,230,9,78,1,0,9,678,9,29.1,9,6.2,9,,,,,,,,,,,,,,,,,,,,,,,,,,,,,,,,,,,,,,,,,,
97119008,"PETIT-CANAL GODET-INRAE",16.405,-61.481667,35,20250501,,,,,,,,,1308,9,,,,,,,,,,,,,67,1,1236,9,96,1,706,9,87,1,0,9,1062,9,29,1,2.9,9,,,,,,,,,,,,,,,,,,,,,,,,,,,,,,,,,,,,,,,,,,
97119008,"PETIT-CANAL GODET-INRAE",16.405,-61.481667,35,20250429,,,,,,,,,2062,9,,,,,,,,,,,,,61,1,1430,9,98,1,736,9,84,1,0,9,882,9,27.9,1,4.3,9,,,,,,,,,,,,,,,,,,,,,,,,,,,,,,,,,,,,,,,,,,
97119008,"PETIT-CANAL GODET-INRAE",16.405,-61.481667,35,20250504,,,,,,,,,1220,9,,,,,,,,,,,,,73,1,1118,9,97,1,2154,9,91,1,0,9,1344,9,29.2,1,2.4,9,,,,,,,,,,,,,,,,,,,,,,,,,,,,,,,,,,,,,,,,,,
97119008,"PETIT-CANAL GODET-INRAE",16.405,-61.481667,35,20250502,,,,,,,,,1456,9,,,,,,,,,,,,,68,1,1048,9,97,1,742,9,87,1,0,9,1020,9,28.7,1,3.1,9,,,,,,,,,,,,,,,,,,,,,,,,,,,,,,,,,,,,,,,,,,
97119008,"PETIT-CANAL GODET-INRAE",16.405,-61.481667,35,20250505,,,,,,,,,1606,9,,,,,,,,,,,,,75,1,1300,9,97,1,1030,9,93,1,0,9,1350,9,29.2,1,3,9,,,,,,,,,,,,,,,,,,,,,,,,,,,,,,,,,,,,,,,,,,
97101015,"LE RAIZET AERO",16.264,-61.516333,11,20250513,,,1015.3,1,1014.1,1,284,9,1704,9,,,,,,,,,,,37,9,66,1,1233,9,96,1,1837,9,85,1,0,9,1144,9,28,9,4.3,9,,,,,,,,,,,0,9,0,9,0,9,,,,,,,,,,,0,9,0,9,0,9,,,,,,,,,,
97101015,"LE RAIZET AERO",16.264,-61.516333,11,20250514,,,1015,1,1013.8,1,208,9,1529,9,,,,,,,,,,,27,9,65,1,1124,9,94,1,2044,9,85,1,0,9,1174,9,28.7,9,3.9,9,,,,,,,,,,,0,9,0,9,0,9,,,,,,,,,,,0,9,0,9,0,9,,,,,,,,,,
97119008,"PETIT-CANAL GODET-INRAE",16.405,-61.481667,35,20250514,,,,,,,,,1744,9,,,,,,,,,,,,,66,1,1048,9,95,1,1430,9,81,1,0,9,1038,9,27.9,1,4.2,9,,,,,,,,,,,,,,,,,,,,,,,,,,,,,,,,,,,,,,,,,,
97119008,"PETIT-CANAL GODET-INRAE",16.405,-61.481667,35,20250509,,,,,,,,,2724,9,,,,,,,,,,,,,59,1,948,9,97,1,642,9,84,1,0,9,948,9,29,1,5.3,9,,,,,,,,,,,,,,,,,,,,,,,,,,,,,,,,,,,,,,,,,,
97119008,"PETIT-CANAL GODET-INRAE",16.405,-61.481667,35,20250508,,,,,,,,,2074,9,,,,,,,,,,,,,65,1,1412,9,99,1,624,9,85,1,0,9,894,9,28.4,1,4.3,9,,,,,,,,,,,,,,,,,,,,,,,,,,,,,,,,,,,,,,,,,,
97119008,"PETIT-CANAL GODET-INRAE",16.405,-61.481667,35,20250510,,,,,,,,,2478,9,,,,,,,,,,,,,67,1,1212,9,94,1,224,9,83,1,0,9,966,9,30,1,5.3,9,,,,,,,,,,,,,,,,,,,,,,,,,,,,,,,,,,,,,,,,,,
97119008,"PETIT-CANAL GODET-INRAE",16.405,-61.481667,35,20250512,,,,,,,,,2506,9,,,,,,,,,,,,,57,1,1418,9,88,1,2248,9,76,1,0,9,786,9,26.9,1,6.1,9,,,,,,,,,,,,,,,,,,,,,,,,,,,,,,,,,,,,,,,,,,
97119008,"PETIT-CANAL GODET-INRAE",16.405,-61.481667,35,20250513,,,,,,,,,1946,9,,,,,,,,,,,,,67,1,1248,9,96,1,1812,9,85,1,0,9,1002,9,27.8,1,4.3,9,,,,,,,,,,,,,,,,,,,,,,,,,,,,,,,,,,,,,,,,,,
97101015,"LE RAIZET AERO",16.264,-61.516333,11,20250516,,,1014.9,1,1013.3,1,309,9,1596,9,,,,,,,,,,,40,9,68,1,1146,9,92,1,2315,9,82,1,0,9,881,9,29.1,9,4.3,9,,,,,,,,,,,0,9,0,9,0,9,,,,,,,,,,,0,9,0,9,0,9,,,,,,,,,,
97101015,"LE RAIZET AERO",16.264,-61.516333,11,20250517,,,1014.6,1,1012.8,1,314,9,1842,9,,,,,,,,,,,41,9,66,1,1234,9,96,1,2353,9,81,1,0,9,937,9,29.6,9,5,9,,,,,,,,,,,0,9,0,9,0,9,,,,,,,,,,,0,9,0,9,0,9,,,,,,,,,,
97101015,"LE RAIZET AERO",16.264,-61.516333,11,20250518,,,1015.4,1,1014.1,1,19,9,1043,9,,,,,,,,,,,2,9,75,1,1249,9,97,1,43,9,88,1,0,9,1194,9,28.9,9,2.5,9,,,,,,,,,,,0,9,0,9,0,9,,,,,,,,,,,0,9,0,9,0,9,,,,,,,,,,
97119008,"PETIT-CANAL GODET-INRAE",16.405,-61.481667,35,20250518,,,,,,,,,1087,9,,,,,,,,,,,,,80,1,1542,9,98,1,654,9,90,1,0,9,1440,9,29.1,9,2.1,9,,,,,,,,,,,,,,,,,,,,,,,,,,,,,,,,,,,,,,,,,,
97101015,"LE RAIZET AERO",16.264,-61.516333,11,20250519,,,1015.1,1,1013.8,1,436,9,2062,9,,,,,,,,,,,57,9,65,1,1227,9,96,1,624,9,82,1,0,9,852,9,29.4,9,4.7,9,,,,,,,,,,,0,9,0,9,0,9,,,,,,,,,,,0,9,0,9,0,9,,,,,,,,,,
97101015,"LE RAIZET AERO",16.264,-61.516333,11,20250515,,,1015.2,1,1014.1,1,294,9,1970,9,,,,,,,,,,,38,9,62,1,1454,9,95,1,557,9,82,1,0,9,922,9,28.3,9,4.9,9,,,,,,,,,,,0,9,0,9,,,,,,,,,,,,,0,9,0,9,0,9,,,,,,,,,,
97101015,"LE RAIZET AERO",16.264,-61.516333,11,20250520,,,1014.9,1,1013.8,1,543,9,2304,9,,,,,,,,,,,71,9,65,1,951,9,91,1,319,9,81,1,0,9,818,9,29.4,9,5.4,9,,,,,,,,,,,0,9,0,9,0,9,,,,,,,,,,,0,9,0,9,0,9,,,,,,,,,,
97101015,"LE RAIZET AERO",16.264,-61.516333,11,20250521,,,1015.1,1,1013.9,1,561,9,2233,9,,,,,,,,,,,73,9,62,1,1225,9,95,1,412,9,79,1,0,9,683,9,28.4,9,5.2,9,,,,,,,,,,,0,9,0,9,0,9,,,,,,,,,,,0,9,0,9,0,9,,,,,,,,,,
97119008,"PETIT-CANAL GODET-INRAE",16.405,-61.481667,35,20250517,,,,,,,,,2028,9,,,,,,,,,,,,,70,1,1224,9,95,1,2354,9,84,1,0,9,1050,9,29.5,1,4.8,9,,,,,,,,,,,,,,,,,,,,,,,,,,,,,,,,,,,,,,,,,,
97119008,"PETIT-CANAL GODET-INRAE",16.405,-61.481667,35,20250516,,,,,,,,,1390,9,,,,,,,,,,,,,73,1,800,9,94,1,1130,9,83,1,0,9,1122,9,29.1,1,3.5,9,,,,,,,,,,,,,,,,,,,,,,,,,,,,,,,,,,,,,,,,,,
97119008,"PETIT-CANAL GODET-INRAE",16.405,-61.481667,35,20250515,,,,,,,,,2132,9,,,,,,,,,,,,,66,1,1254,9,90,1,2236,9,78,1,0,9,702,9,27.9,1,5.5,9,,,,,,,,,,,,,,,,,,,,,,,,,,,,,,,,,,,,,,,,,,
97101015,"LE RAIZET AERO",16.264,-61.516333,11,20250522,,,1015.9,1,1014.3,1,515,9,2518,9,,,,,,,,,,,67,9,60,1,1107,9,91,1,306,9,78,1,0,9,834,9,28.6,9,6.1,9,,,,,,,,,,,0,9,0,9,0,9,,,,,,,,,,,0,9,0,9,0,9,,,,,,,,,,
97101015,"LE RAIZET AERO",16.264,-61.516333,11,20250523,,,1017.6,1,1016.2,1,431,9,1987,9,,,,,,,,,,,56,9,60,1,1225,9,89,1,128,9,75,1,0,9,450,9,27.5,9,5.9,9,,,,,,,,,,,0,9,0,9,0,9,,,,,,,,,,,0,9,0,9,0,9,,,,,,,,,,
97101015,"LE RAIZET AERO",16.264,-61.516333,11,20250524,,,1017.6,1,1015.9,1,434,9,2118,9,,,,,,,,,,,56,9,58,1,1049,9,83,1,48,9,73,1,0,9,454,9,27.1,9,6.2,9,,,,,,,,,,,0,9,0,9,0,9,,,,,,,,,,,0,9,0,9,0,9,,,,,,,,,,
97101015,"LE RAIZET AERO",16.264,-61.516333,11,20250525,,,1017.5,1,1015.8,1,470,9,2159,9,,,,,,,,,,,61,9,57,1,1126,9,88,1,2233,9,75,1,0,9,450,9,28.2,9,6.4,9,,,,,,,,,,,0,9,0,9,0,9,,,,,,,,,,,0,9,0,9,0,9,,,,,,,,,,
97101015,"LE RAIZET AERO",16.264,-61.516333,11,20250526,,,1017.8,1,1016.3,1,447,9,1933,9,,,,,,,,,,,58,9,61,1,1233,9,86,1,352,9,76,1,0,9,667,9,28.2,9,5.6,9,,,,,,,,,,,0,9,0,9,0,9,,,,,,,,,,,0,9,0,9,0,9,,,,,,,,,,
97101015,"LE RAIZET AERO",16.264,-61.516333,11,20250527,,,1017.6,1,1016,1,453,9,1776,9,,,,,,,,,,,59,9,59,1,1006,9,87,1,1,9,75,1,0,9,582,9,27.2,9,5.2,9,,,,,,,,,,,0,9,0,9,0,9,,,,,,,,,,,0,9,0,9,0,9,,,,,,,,,,
97101015,"LE RAIZET AERO",16.264,-61.516333,11,20250528,,,1017.8,1,1016.3,1,432,9,1965,9,,,,,,,,,,,56,9,54,1,1115,9,88,1,402,9,74,1,0,9,573,9,26.5,9,5.5,9,,,,,,,,,,,0,9,0,9,0,9,,,,,,,,,,,0,9,0,9,0,9,,,,,,,,,,
97101015,"LE RAIZET AERO",16.264,-61.516333,11,20250529,,,1018.1,1,1016.7,1,585,9,2315,9,,,,,,,,,,,76,9,55,1,1200,9,92,1,457,9,76,1,0,9,720,9,27.9,9,5.8,9,,,,,,,,,,,0,9,0,9,0,9,,,,,,,,,,,0,9,0,9,0,9,,,,,,,,,,
97101015,"LE RAIZET AERO",16.264,-61.516333,11,20250530,,,1017,1,1015.3,1,487,9,2256,9,,,,,,,,,,,63,9,62,1,1354,9,94,1,149,9,81,1,0,9,926,9,30,9,5.6,9,,,,,,,,,,,0,9,0,9,0,9,,,,,,,,,,,0,9,0,9,0,9,,,,,,,,,,
97119008,"PETIT-CANAL GODET-INRAE",16.405,-61.481667,35,20250523,,,,,,,,,2638,9,,,,,,,,,,,,,65,1,1418,9,92,1,212,9,77,1,0,9,474,9,27.8,1,6.1,9,,,,,,,,,,,,,,,,,,,,,,,,,,,,,,,,,,,,,,,,,,
97119008,"PETIT-CANAL GODET-INRAE",16.405,-61.481667,35,20250526,,,,,,,,,2478,9,,,,,,,,,,,,,61,1,1324,9,83,1,2354,9,77,1,0,9,690,9,28.5,1,6,9,,,,,,,,,,,,,,,,,,,,,,,,,,,,,,,,,,,,,,,,,,
97119008,"PETIT-CANAL GODET-INRAE",16.405,-61.481667,35,20250522,,,,,,,,,2548,9,,,,,,,,,,,,,66,1,1300,9,95,1,642,9,83,1,0,9,918,9,29.3,1,5.3,9,,,,,,,,,,,,,,,,,,,,,,,,,,,,,,,,,,,,,,,,,,
97119008,"PETIT-CANAL GODET-INRAE",16.405,-61.481667,35,20250521,,,,,,,,,2812,9,,,,,,,,,,,,,60,1,1200,9,93,1,2354,9,80,1,0,9,744,9,28.2,1,6.1,9,,,,,,,,,,,,,,,,,,,,,,,,,,,,,,,,,,,,,,,,,,
97119008,"PETIT-CANAL GODET-INRAE",16.405,-61.481667,35,20250524,,,,,,,,,2734,9,,,,,,,,,,,,,63,1,1100,9,83,1,206,9,74,1,0,9,276,9,27.4,1,6.7,9,,,,,,,,,,,,,,,,,,,,,,,,,,,,,,,,,,,,,,,,,,
97119008,"PETIT-CANAL GODET-INRAE",16.405,-61.481667,35,20250520,,,,,,,,,2104,9,,,,,,,,,,,,,71,1,1348,9,92,1,2348,9,83,1,0,9,858,9,29.4,1,4.7,9,,,,,,,,,,,,,,,,,,,,,,,,,,,,,,,,,,,,,,,,,,
97119008,"PETIT-CANAL GODET-INRAE",16.405,-61.481667,35,20250525,,,,,,,,,2394,9,,,,,,,,,,,,,65,1,1100,9,91,1,2224,9,78,1,0,9,594,9,28.6,1,5.8,9,,,,,,,,,,,,,,,,,,,,,,,,,,,,,,,,,,,,,,,,,,
97119008,"PETIT-CANAL GODET-INRAE",16.405,-61.481667,35,20250527,,,,,,,,,2464,9,,,,,,,,,,,,,62,1,1306,9,84,1,536,9,75,1,0,9,552,9,27.5,1,6.2,9,,,,,,,,,,,,,,,,,,,,,,,,,,,,,,,,,,,,,,,,,,
97119008,"PETIT-CANAL GODET-INRAE",16.405,-61.481667,35,20250519,,,,,,,,,2230,9,,,,,,,,,,,,,62,1,1254,9,95,1,342,9,83,1,0,9,852,9,29,1,4.8,9,,,,,,,,,,,,,,,,,,,,,,,,,,,,,,,,,,,,,,,,,,
97101015,"LE RAIZET AERO",16.264,-61.516333,11,20250531,,,1017,1,1015.7,1,399,9,2068,9,,,,,,,,,,,52,9,61,1,1102,9,90,1,257,9,77,1,0,9,680,9,29,9,5.8,9,,,,,,,,,,,0,9,0,9,0,9,,,,,,,,,,,0,9,0,9,0,9,,,,,,,,,,
97101015,"LE RAIZET AERO",16.264,-61.516333,11,20250601,,,1019,1,1017.5,1,158,9,1567,9,,,,,,,,,,,20,9,64,1,1224,9,86,1,503,9,78,1,0,9,732,9,29.2,9,5,9,,,,,,,,,,,0,9,0,9,0,9,,,,,,,,,,,0,9,0,9,0,9,,,,,,,,,,
97101015,"LE RAIZET AERO",16.264,-61.516333,11,20250602,,,1019,1,1017.4,1,386,9,1780,9,,,,,,,,,,,50,9,62,1,1419,9,88,1,158,9,77,1,0,9,658,9,28.7,9,5.1,9,,,,,,,,,,,0,9,0,9,0,9,,,,,,,,,,,0,9,0,9,0,9,,,,,,,,,,
97119008,"PETIT-CANAL GODET-INRAE",16.405,-61.481667,35,20250601,,,,,,,,,1721,9,,,,,,,,,,,,,71,1,1230,9,84,1,2312,9,79,1,0,9,804,9,29.7,9,4.7,9,,,,,,,,,,,,,,,,,,,,,,,,,,,,,,,,,,,,,,,,,,
97101015,"LE RAIZET AERO",16.264,-61.516333,11,20250603,,,1017.2,1,1015.5,1,524,9,2287,9,,,,,,,,,,,68,9,49,1,1044,9,87,1,0,9,71,1,0,9,559,9,25.3,9,6.6,9,,,,,,,,,,,0,9,0,9,0,9,,,,,,,,,,,0,9,0,9,0,9,,,,,,,,,,
97101015,"LE RAIZET AERO",16.264,-61.516333,11,20250604,,,1016.1,1,1014.3,1,340,9,1888,9,,,,,,,,,,,44,9,55,1,1239,9,93,1,356,9,79,1,0,9,806,9,26.6,9,4.9,9,,,,,,,,,,,0,9,0,9,0,9,,,,,,,,,,,0,9,0,9,0,9,,,,,,,,,,
97119008,"PETIT-CANAL GODET-INRAE",16.405,-61.481667,35,20250531,,,,,,,,,2240,9,,,,,,,,,,,,,64,1,1242,9,92,1,136,9,79,1,0,9,762,9,29.2,1,5.7,9,,,,,,,,,,,,,,,,,,,,,,,,,,,,,,,,,,,,,,,,,,
97119008,"PETIT-CANAL GODET-INRAE",16.405,-61.481667,35,20250604,,,,,,,,,2336,9,,,,,,,,,,,,,57,1,1524,9,91,1,412,9,77,1,0,9,816,9,26.3,1,5.6,9,,,,,,,,,,,,,,,,,,,,,,,,,,,,,,,,,,,,,,,,,,
97119008,"PETIT-CANAL GODET-INRAE",16.405,-61.481667,35,20250528,,,,,,,,,2338,9,,,,,,,,,,,,,60,1,1400,9,95,1,2354,9,76,1,0,9,498,9,26.6,1,5.6,9,,,,,,,,,,,,,,,,,,,,,,,,,,,,,,,,,,,,,,,,,,
97119008,"PETIT-CANAL GODET-INRAE",16.405,-61.481667,35,20250529,,,,,,,,,2588,9,,,,,,,,,,,,,66,1,1400,9,95,1,100,9,80,1,0,9,768,9,28.3,1,5.4,9,,,,,,,,,,,,,,,,,,,,,,,,,,,,,,,,,,,,,,,,,,
97119008,"PETIT-CANAL GODET-INRAE",16.405,-61.481667,35,20250530,,,,,,,,,2254,9,,,,,,,,,,,,,70,1,1254,9,94,1,518,9,85,1,0,9,1044,9,30.6,1,4.9,9,,,,,,,,,,,,,,,,,,,,,,,,,,,,,,,,,,,,,,,,,,
97119008,"PETIT-CANAL GODET-INRAE",16.405,-61.481667,35,20250603,,,,,,,,,2644,9,,,,,,,,,,,,,55,1,1412,9,82,1,606,9,71,1,0,9,144,9,25.4,1,6.5,9,,,,,,,,,,,,,,,,,,,,,,,,,,,,,,,,,,,,,,,,,,
97101015,"LE RAIZET AERO",16.264,-61.516333,11,20250605,,,1015.9,1,1014.4,1,585,9,2512,9,,,,,,,,,,,75,9,51,1,1156,9,85,1,324,9,72,1,0,9,589,9,25.7,9,6.5,9,,,,,,,,,,,0,9,0,9,0,9,,,,,,,,,,,0,9,0,9,0,9,,,,,,,,,,
97101015,"LE RAIZET AERO",16.264,-61.516333,11,20250606,,,1016.4,1,1015.2,1,403,9,1745,9,,,,,,,,,,,52,9,58,1,1204,9,91,1,436,9,79,1,0,9,781,9,27.4,9,4.4,9,,,,,,,,,,,0,9,0,9,0,9,,,,,,,,,,,0,9,0,9,0,9,,,,,,,,,,
97101015,"LE RAIZET AERO",16.264,-61.516333,11,20250607,,,1016.4,1,1015.2,1,566,9,2489,9,,,,,,,,,,,73,9,58,1,1145,9,87,1,2,9,74,1,0,9,497,9,27.5,9,6.5,9,,,,,,,,,,,0,9,0,9,0,9,,,,,,,,,,,0,9,0,9,0,9,,,,,,,,,,
97101015,"LE RAIZET AERO",16.264,-61.516333,11,20250608,,,1016.6,1,1014.9,1,635,9,2550,9,,,,,,,,,,,82,9,64,1,1515,9,96,1,338,9,81,1,0,9,785,9,28.9,9,5.5,9,,,,,,,,,,,0,9,0,9,0,9,,,,,,,,,,,0,9,0,9,0,9,,,,,,,,,,
97119008,"PETIT-CANAL GODET-INRAE",16.405,-61.481667,35,20250608,,,,,,,,,2399,9,,,,,,,,,,,,,65,1,1448,9,95,1,612,9,79,1,0,9,606,9,28.3,9,5.2,9,,,,,,,,,,,,,,,,,,,,,,,,,,,,,,,,,,,,,,,,,,
97101015,"LE RAIZET AERO",16.264,-61.516333,11,20250609,,,1017,1,1015.4,1,486,9,2190,9,,,,,,,,,,,63,9,56,1,1240,9,96,1,2313,9,75,1,0,9,595,9,27.7,9,6.3,9,,,,,,,,,,,0,9,0,9,0,9,,,,,,,,,,,0,9,0,9,0,9,,,,,,,,,,
97119008,"PETIT-CANAL GODET-INRAE",16.405,-61.481667,35,20250609,,,,,,,,,2619,9,,,,,,,,,,,,,60,1,1454,9,90,1,2248,9,74,1,0,9,360,9,28.2,9,6.9,9,,,,,,,,,,,,,,,,,,,,,,,,,,,,,,,,,,,,,,,,,,
97101015,"LE RAIZET AERO",16.264,-61.516333,11,20250610,,,1017.6,1,1016.4,1,399,9,2003,9,,,,,,,,,,,51,9,59,1,1312,9,93,1,5,9,78,1,0,9,699,9,28.6,9,5.1,9,,,,,,,,,,,0,9,0,9,0,9,,,,,,,,,,,0,9,0,9,0,9,,,,,,,,,,
97101015,"LE RAIZET AERO",16.264,-61.516333,11,20250611,,,1018,1,1016.4,1,578,9,2228,9,,,,,,,,,,,74,9,55,1,1320,9,86,1,1,9,73,1,0,9,389,9,27,9,6.7,9,,,,,,,,,,,0,9,0,9,0,9,,,,,,,,,,,0,9,0,9,0,9,,,,,,,,,,
97101015,"LE RAIZET AERO",16.264,-61.516333,11,20250612,,,1017.5,1,1016.4,1,153,9,1345,9,,,,,,,,,,,20,9,65,1,1359,9,84,1,239,9,76,1,0,9,556,9,27.2,9,4.4,9,,,,,,,,,,,0,9,0,9,0,9,,,,,,,,,,,0,9,0,9,0,9,,,,,,,,,,
97119008,"PETIT-CANAL GODET-INRAE",16.405,-61.481667,35,20250605,,,,,,,,,2760,9,,,,,,,,,,,,,55,1,1424,9,84,1,400,9,72,1,0,9,372,9,25.9,1,6.5,9,,,,,,,,,,,,,,,,,,,,,,,,,,,,,,,,,,,,,,,,,,
97119008,"PETIT-CANAL GODET-INRAE",16.405,-61.481667,35,20250610,,,,,,,,,2480,9,,,,,,,,,,,,,60,1,1324,9,93,1,2012,9,75,1,0,9,660,9,28.4,1,6.3,9,,,,,,,,,,,,,,,,,,,,,,,,,,,,,,,,,,,,,,,,,,
97119008,"PETIT-CANAL GODET-INRAE",16.405,-61.481667,35,20250606,,,,,,,,,2114,9,,,,,,,,,,,,,61,1,1530,9,85,1,554,9,75,1,0,9,588,9,27.3,1,5.4,9,,,,,,,,,,,,,,,,,,,,,,,,,,,,,,,,,,,,,,,,,,
97119008,"PETIT-CANAL GODET-INRAE",16.405,-61.481667,35,20250611,,,,,,,,,2516,9,,,,,,,,,,,,,60,1,1254,9,82,1,12,9,72,1,0,9,84,9,26.9,9,6.8,9,,,,,,,,,,,,,,,,,,,,,,,,,,,,,,,,,,,,,,,,,,
97119008,"PETIT-CANAL GODET-INRAE",16.405,-61.481667,35,20250602,,,,,,,,,2344,9,,,,,,,,,,,,,61,1,1306,9,86,1,406,9,77,1,0,9,558,9,28.6,1,6,9,,,,,,,,,,,,,,,,,,,,,,,,,,,,,,,,,,,,,,,,,,
97119008,"PETIT-CANAL GODET-INRAE",16.405,-61.481667,35,20250607,,,,,,,,,2580,9,,,,,,,,,,,,,59,1,1330,9,91,1,2348,9,76,1,0,9,642,9,27.9,1,6.3,9,,,,,,,,,,,,,,,,,,,,,,,,,,,,,,,,,,,,,,,,,,
97101015,"LE RAIZET AERO",16.264,-61.516333,11,20250613,,,1017.5,1,1016.3,1,568,9,2443,9,,,,,,,,,,,73,9,55,1,1139,9,83,1,104,9,72,1,0,9,508,9,26.2,9,6.9,9,,,,,,,,,,,0,9,0,9,0,9,,,,,,,,,,,0,9,0,9,0,9,,,,,,,,,,
97119008,"PETIT-CANAL GODET-INRAE",16.405,-61.481667,35,20250612,,,,,,,,,1619,9,,,,,,,,,,,,,65,1,954,9,82,1,224,9,74,1,0,9,96,9,26.9,9,5,9,,,,,,,,,,,,,,,,,,,,,,,,,,,,,,,,,,,,,,,,,,
97119008,"PETIT-CANAL GODET-INRAE",16.405,-61.481667,35,20250614,,,,,,,,,2118,9,,,,,,,,,,,,,60,1,1436,9,78,1,2254,9,71,1,0,9,0,9,25.9,9,5.8,9,,,,,,,,,,,,,,,,,,,,,,,,,,,,,,,,,,,,,,,,,,
97119008,"PETIT-CANAL GODET-INRAE",16.405,-61.481667,35,20250613,,,,,,,,,2499,9,,,,,,,,,,,,,57,1,1236,9,80,1,224,9,72,1,0,9,72,9,26.3,9,6.6,9,,,,,,,,,,,,,,,,,,,,,,,,,,,,,,,,,,,,,,,,,,
97101015,"LE RAIZET AERO",16.264,-61.516333,11,20250614,,,1018.6,1,1017.3,1,295,9,1554,9,,,,,,,,,,,38,9,61,1,1247,9,92,1,504,9,78,1,0,9,767,9,26.3,9,4.1,9,,,,,,,,,,,0,9,0,9,0,9,,,,,,,,,,,0,9,0,9,0,9,,,,,,,,,,
97101015,"LE RAIZET AERO",16.264,-61.516333,11,20250615,,,1019.2,1,1018,1,469,9,2166,9,,,,,,,,,,,60,9,57,1,1222,9,88,1,552,9,78,1,0,9,899,9,28.3,9,5.6,9,,,,,,,,,,,0,9,0,9,0,9,,,,,,,,,,,0,9,0,9,0,9,,,,,,,,,,
97119008,"PETIT-CANAL GODET-INRAE",16.405,-61.481667,35,20250616,,,,,,,,,2208,9,,,,,,,,,,,,,60,1,1124,9,83,1,354,9,74,1,0,9,372,9,27.5,9,5.8,9,,,,,,,,,,,,,,,,,,,,,,,,,,,,,,,,,,,,,,,,,,
97101015,"LE RAIZET AERO",16.264,-61.516333,11,20250616,,,1018.3,1,1016.5,1,425,9,2070,9,,,,,,,,,,,55,9,58,1,1428,9,89,1,44,9,76,1,0,9,797,9,27.6,9,5.7,9,,,,,,,,,,,0,9,0,9,0,9,,,,,,,,,,,0,9,0,9,0,9,,,,,,,,,,
97119008,"PETIT-CANAL GODET-INRAE",16.405,-61.481667,35,20250615,,,,,,,,,2561,9,,,,,,,,,,,,,58,1,1136,9,92,1,736,9,76,1,0,9,684,9,28.2,9,6.3,9,,,,,,,,,,,,,,,,,,,,,,,,,,,,,,,,,,,,,,,,,,
97119008,"PETIT-CANAL GODET-INRAE",16.405,-61.481667,35,20250617,,,,,,,,,2240,9,,,,,,,,,,,,,60,1,1224,9,85,1,2354,9,73,1,0,9,192,9,27.4,9,6.2,9,,,,,,,,,,,,,,,,,,,,,,,,,,,,,,,,,,,,,,,,,,
97101015,"LE RAIZET AERO",16.264,-61.516333,11,20250617,,,1018,1,1016.6,1,419,9,1938,9,,,,,,,,,,,54,9,60,1,1430,9,87,1,128,9,75,1,0,9,536,9,27.8,9,5.6,9,,,,,,,,,,,0,9,0,9,0,9,,,,,,,,,,,0,9,0,9,0,9,,,,,,,,,,
97101015,"LE RAIZET AERO",16.264,-61.516333,11,20250101,,,1014.5,1,1012.9,1,581,9,1846,9,,,,,,,,,,,88,9,54,1,1442,9,99,1,712,9,79,1,0,9,806,9,23.8,9,3.8,9,,,,,,,,,,,0,9,0,9,0,9,,,,,,,,,,,0,9,0,9,0,9,,,,,,,,,,
97101015,"LE RAIZET AERO",16.264,-61.516333,11,20250102,,,1015.1,1,1013.7,1,522,9,1777,9,,,,,,,,,,,79,9,58,1,1455,9,97,1,707,9,77,1,0,9,615,9,23.6,9,4,9,,,,,,,,,,,0,9,0,9,0,9,,,,,,,,,,,0,9,0,9,0,9,,,,,,,,,,
97101015,"LE RAIZET AERO",16.264,-61.516333,11,20250103,,,1014.9,1,1013.3,1,443,9,1607,9,,,,,,,,,,,67,9,50,1,1228,9,97,1,652,9,78,1,0,9,783,9,23.8,9,3.8,9,,,,,,,,,,,0,9,0,9,0,9,,,,,,,,,,,0,9,0,9,0,9,,,,,,,,,,
97101015,"LE RAIZET AERO",16.264,-61.516333,11,20250104,,,1014.7,1,1013.1,1,109,9,1043,9,,,,,,,,,,,16,9,72,1,1228,9,95,1,819,9,88,1,0,9,1126,9,26.8,9,2.2,9,,,,,,,,,,,0,9,0,9,0,9,,,,,,,,,,,0,9,0,9,0,9,,,,,,,,,,
